-15,-3,PK4ielTn/+GxWmUh77w7w9korn8=,hFd0b0EGxNtoqSH92A4/jtdCDkM=
-14,-2,PK4ielTn/+GxWmUh77w7w9korn8=,hFd0b0EGxNtoqSH92A4/jtdCDkM=
-15,-2,PK4ielTn/+GxWmUh77w7w9korn8=,hFd0b0EGxNtoqSH92A4/jtdCDkM=
-14,-3,PK4ielTn/+GxWmUh77w7w9korn8=,hFd0b0EGxNtoqSH92A4/jtdCDkM=
-15,-5,/9ATqyJkrtHwZO11ifF0eiQRNIA=,Ol80l4Sy9Of6ESlJBDOAXaerIIQ=
-14,-6,/9ATqyJkrtHwZO11ifF0eiQRNIA=,Ol80l4Sy9Of6ESlJBDOAXaerIIQ=
-15,-6,/9ATqyJkrtHwZO11ifF0eiQRNIA=,Ol80l4Sy9Of6ESlJBDOAXaerIIQ=
-14,-4,KySN2dzP7TMb02w6toP5TWlHIqk=,hFd0b0EGxNtoqSH92A4/jtdCDkM=
-15,-4,KySN2dzP7TMb02w6toP5TWlHIqk=,hFd0b0EGxNtoqSH92A4/jtdCDkM=
-14,-5,/9ATqyJkrtHwZO11ifF0eiQRNIA=,Ol80l4Sy9Of6ESlJBDOAXaerIIQ=
-14,-7,/9ATqyJkrtHwZO11ifF0eiQRNIA=,Ol80l4Sy9Of6ESlJBDOAXaerIIQ=
-15,-7,/9ATqyJkrtHwZO11ifF0eiQRNIA=,Ol80l4Sy9Of6ESlJBDOAXaerIIQ=
-12,-7,/9ATqyJkrtHwZO11ifF0eiQRNIA=,C5oMOPcoLn5KzvR2i4IETQmvGb4=
-12,-5,/9ATqyJkrtHwZO11ifF0eiQRNIA=,C5oMOPcoLn5KzvR2i4IETQmvGb4=
-13,-2,PK4ielTn/+GxWmUh77w7w9korn8=,hFd0b0EGxNtoqSH92A4/jtdCDkM=
-10,-2,PK4ielTn/+GxWmUh77w7w9korn8=,9qMGWgrfWmmjgoPN3z77kZ6SLQ8=
-11,-2,PK4ielTn/+GxWmUh77w7w9korn8=,9qMGWgrfWmmjgoPN3z77kZ6SLQ8=
-11,-5,/9ATqyJkrtHwZO11ifF0eiQRNIA=,C5oMOPcoLn5KzvR2i4IETQmvGb4=
-13,-4,KySN2dzP7TMb02w6toP5TWlHIqk=,hFd0b0EGxNtoqSH92A4/jtdCDkM=
-12,-2,PK4ielTn/+GxWmUh77w7w9korn8=,9qMGWgrfWmmjgoPN3z77kZ6SLQ8=
-10,-3,PK4ielTn/+GxWmUh77w7w9korn8=,9qMGWgrfWmmjgoPN3z77kZ6SLQ8=
-11,-7,/9ATqyJkrtHwZO11ifF0eiQRNIA=,C5oMOPcoLn5KzvR2i4IETQmvGb4=
-11,-3,PK4ielTn/+GxWmUh77w7w9korn8=,9qMGWgrfWmmjgoPN3z77kZ6SLQ8=
-10,-5,/9ATqyJkrtHwZO11ifF0eiQRNIA=,C5oMOPcoLn5KzvR2i4IETQmvGb4=
-12,-3,PK4ielTn/+GxWmUh77w7w9korn8=,9qMGWgrfWmmjgoPN3z77kZ6SLQ8=
-13,-3,PK4ielTn/+GxWmUh77w7w9korn8=,hFd0b0EGxNtoqSH92A4/jtdCDkM=
-10,-4,KySN2dzP7TMb02w6toP5TWlHIqk=,9qMGWgrfWmmjgoPN3z77kZ6SLQ8=
-10,-7,/9ATqyJkrtHwZO11ifF0eiQRNIA=,C5oMOPcoLn5KzvR2i4IETQmvGb4=
-13,-5,/9ATqyJkrtHwZO11ifF0eiQRNIA=,Ol80l4Sy9Of6ESlJBDOAXaerIIQ=
-11,-4,KySN2dzP7TMb02w6toP5TWlHIqk=,9qMGWgrfWmmjgoPN3z77kZ6SLQ8=
-12,-4,KySN2dzP7TMb02w6toP5TWlHIqk=,9qMGWgrfWmmjgoPN3z77kZ6SLQ8=
-13,-6,/9ATqyJkrtHwZO11ifF0eiQRNIA=,Ol80l4Sy9Of6ESlJBDOAXaerIIQ=
-12,-6,/9ATqyJkrtHwZO11ifF0eiQRNIA=,C5oMOPcoLn5KzvR2i4IETQmvGb4=
-13,-7,/9ATqyJkrtHwZO11ifF0eiQRNIA=,Ol80l4Sy9Of6ESlJBDOAXaerIIQ=
-10,-6,/9ATqyJkrtHwZO11ifF0eiQRNIA=,C5oMOPcoLn5KzvR2i4IETQmvGb4=
-11,-6,/9ATqyJkrtHwZO11ifF0eiQRNIA=,C5oMOPcoLn5KzvR2i4IETQmvGb4=
-15,-15,/9ATqyJkrtHwZO11ifF0eiQRNIA=,m5bdU6jYkKLT6a+RhZB9mrgfPco=
-14,-15,/9ATqyJkrtHwZO11ifF0eiQRNIA=,m5bdU6jYkKLT6a+RhZB9mrgfPco=
-15,-14,/9ATqyJkrtHwZO11ifF0eiQRNIA=,m5bdU6jYkKLT6a+RhZB9mrgfPco=
-14,-14,/9ATqyJkrtHwZO11ifF0eiQRNIA=,m5bdU6jYkKLT6a+RhZB9mrgfPco=
-12,-15,kkyN0t3J52g3vEKiGWxx6Zd1t+4=,HY1xuwaGOwofWrDEikvPwT/hTzI=
-11,-15,kkyN0t3J52g3vEKiGWxx6Zd1t+4=,HY1xuwaGOwofWrDEikvPwT/hTzI=
-13,-15,kkyN0t3J52g3vEKiGWxx6Zd1t+4=,m5bdU6jYkKLT6a+RhZB9mrgfPco=
-10,-15,kkyN0t3J52g3vEKiGWxx6Zd1t+4=,HY1xuwaGOwofWrDEikvPwT/hTzI=
-10,-14,kkyN0t3J52g3vEKiGWxx6Zd1t+4=,HY1xuwaGOwofWrDEikvPwT/hTzI=
-11,-14,kkyN0t3J52g3vEKiGWxx6Zd1t+4=,HY1xuwaGOwofWrDEikvPwT/hTzI=
-12,-14,kkyN0t3J52g3vEKiGWxx6Zd1t+4=,HY1xuwaGOwofWrDEikvPwT/hTzI=
-13,-14,kkyN0t3J52g3vEKiGWxx6Zd1t+4=,m5bdU6jYkKLT6a+RhZB9mrgfPco=
-14,-12,kkyN0t3J52g3vEKiGWxx6Zd1t+4=,ID5E0QfSaIMBS433v+RDICBDn/k=
-15,-10,kkyN0t3J52g3vEKiGWxx6Zd1t+4=,ID5E0QfSaIMBS433v+RDICBDn/k=
-15,-12,kkyN0t3J52g3vEKiGWxx6Zd1t+4=,ID5E0QfSaIMBS433v+RDICBDn/k=
-14,-13,kkyN0t3J52g3vEKiGWxx6Zd1t+4=,m5bdU6jYkKLT6a+RhZB9mrgfPco=
-14,-11,kkyN0t3J52g3vEKiGWxx6Zd1t+4=,ID5E0QfSaIMBS433v+RDICBDn/k=
-15,-13,kkyN0t3J52g3vEKiGWxx6Zd1t+4=,m5bdU6jYkKLT6a+RhZB9mrgfPco=
-15,-11,kkyN0t3J52g3vEKiGWxx6Zd1t+4=,ID5E0QfSaIMBS433v+RDICBDn/k=
-15,-9,kkyN0t3J52g3vEKiGWxx6Zd1t+4=,ID5E0QfSaIMBS433v+RDICBDn/k=
-14,-10,kkyN0t3J52g3vEKiGWxx6Zd1t+4=,ID5E0QfSaIMBS433v+RDICBDn/k=
-14,-8,kkyN0t3J52g3vEKiGWxx6Zd1t+4=,Ol80l4Sy9Of6ESlJBDOAXaerIIQ=
-14,-9,kkyN0t3J52g3vEKiGWxx6Zd1t+4=,ID5E0QfSaIMBS433v+RDICBDn/k=
-15,-8,kkyN0t3J52g3vEKiGWxx6Zd1t+4=,Ol80l4Sy9Of6ESlJBDOAXaerIIQ=
-12,-11,GlZxbSdtb7KhS4xQ5DHMHdwL3O4=,wYtyByDrSoJs2K9RQkMe7iqCU6I=
-11,-11,GlZxbSdtb7KhS4xQ5DHMHdwL3O4=,wYtyByDrSoJs2K9RQkMe7iqCU6I=
-12,-13,GlZxbSdtb7KhS4xQ5DHMHdwL3O4=,HY1xuwaGOwofWrDEikvPwT/hTzI=
-13,-12,GlZxbSdtb7KhS4xQ5DHMHdwL3O4=,ID5E0QfSaIMBS433v+RDICBDn/k=
-10,-11,GlZxbSdtb7KhS4xQ5DHMHdwL3O4=,wYtyByDrSoJs2K9RQkMe7iqCU6I=
-10,-12,GlZxbSdtb7KhS4xQ5DHMHdwL3O4=,wYtyByDrSoJs2K9RQkMe7iqCU6I=
-13,-13,GlZxbSdtb7KhS4xQ5DHMHdwL3O4=,m5bdU6jYkKLT6a+RhZB9mrgfPco=
-10,-8,GlZxbSdtb7KhS4xQ5DHMHdwL3O4=,C5oMOPcoLn5KzvR2i4IETQmvGb4=
-11,-12,GlZxbSdtb7KhS4xQ5DHMHdwL3O4=,wYtyByDrSoJs2K9RQkMe7iqCU6I=
-13,-11,GlZxbSdtb7KhS4xQ5DHMHdwL3O4=,ID5E0QfSaIMBS433v+RDICBDn/k=
-12,-12,GlZxbSdtb7KhS4xQ5DHMHdwL3O4=,wYtyByDrSoJs2K9RQkMe7iqCU6I=
-11,-8,GlZxbSdtb7KhS4xQ5DHMHdwL3O4=,C5oMOPcoLn5KzvR2i4IETQmvGb4=
-13,-10,GlZxbSdtb7KhS4xQ5DHMHdwL3O4=,ID5E0QfSaIMBS433v+RDICBDn/k=
-12,-8,GlZxbSdtb7KhS4xQ5DHMHdwL3O4=,C5oMOPcoLn5KzvR2i4IETQmvGb4=
-10,-13,GlZxbSdtb7KhS4xQ5DHMHdwL3O4=,HY1xuwaGOwofWrDEikvPwT/hTzI=
-10,-9,GlZxbSdtb7KhS4xQ5DHMHdwL3O4=,wYtyByDrSoJs2K9RQkMe7iqCU6I=
-11,-9,GlZxbSdtb7KhS4xQ5DHMHdwL3O4=,wYtyByDrSoJs2K9RQkMe7iqCU6I=
-12,-9,GlZxbSdtb7KhS4xQ5DHMHdwL3O4=,wYtyByDrSoJs2K9RQkMe7iqCU6I=
-13,-8,GlZxbSdtb7KhS4xQ5DHMHdwL3O4=,Ol80l4Sy9Of6ESlJBDOAXaerIIQ=
-11,-13,GlZxbSdtb7KhS4xQ5DHMHdwL3O4=,HY1xuwaGOwofWrDEikvPwT/hTzI=
-12,-10,GlZxbSdtb7KhS4xQ5DHMHdwL3O4=,wYtyByDrSoJs2K9RQkMe7iqCU6I=
-10,-10,GlZxbSdtb7KhS4xQ5DHMHdwL3O4=,wYtyByDrSoJs2K9RQkMe7iqCU6I=
-13,-9,GlZxbSdtb7KhS4xQ5DHMHdwL3O4=,ID5E0QfSaIMBS433v+RDICBDn/k=
-11,-10,GlZxbSdtb7KhS4xQ5DHMHdwL3O4=,wYtyByDrSoJs2K9RQkMe7iqCU6I=
-8,-15,GlZxbSdtb7KhS4xQ5DHMHdwL3O4=,1GFo4ZG/3SwHI4hGXHlJNeJxu6M=
-7,-15,GlZxbSdtb7KhS4xQ5DHMHdwL3O4=,1GFo4ZG/3SwHI4hGXHlJNeJxu6M=
-9,-15,GlZxbSdtb7KhS4xQ5DHMHdwL3O4=,HY1xuwaGOwofWrDEikvPwT/hTzI=
-6,-14,GlZxbSdtb7KhS4xQ5DHMHdwL3O4=,1GFo4ZG/3SwHI4hGXHlJNeJxu6M=
-8,-14,GlZxbSdtb7KhS4xQ5DHMHdwL3O4=,1GFo4ZG/3SwHI4hGXHlJNeJxu6M=
-9,-14,GlZxbSdtb7KhS4xQ5DHMHdwL3O4=,HY1xuwaGOwofWrDEikvPwT/hTzI=
-6,-15,GlZxbSdtb7KhS4xQ5DHMHdwL3O4=,1GFo4ZG/3SwHI4hGXHlJNeJxu6M=
-7,-14,GlZxbSdtb7KhS4xQ5DHMHdwL3O4=,1GFo4ZG/3SwHI4hGXHlJNeJxu6M=
-8,-11,GlZxbSdtb7KhS4xQ5DHMHdwL3O4=,eo3OEHifbrJUvrXRTY5XdvYar3o=
-6,-10,GlZxbSdtb7KhS4xQ5DHMHdwL3O4=,eo3OEHifbrJUvrXRTY5XdvYar3o=
-9,-12,GlZxbSdtb7KhS4xQ5DHMHdwL3O4=,wYtyByDrSoJs2K9RQkMe7iqCU6I=
-7,-10,GlZxbSdtb7KhS4xQ5DHMHdwL3O4=,eo3OEHifbrJUvrXRTY5XdvYar3o=
-8,-13,GlZxbSdtb7KhS4xQ5DHMHdwL3O4=,1GFo4ZG/3SwHI4hGXHlJNeJxu6M=
-6,-12,GlZxbSdtb7KhS4xQ5DHMHdwL3O4=,eo3OEHifbrJUvrXRTY5XdvYar3o=
-8,-10,GlZxbSdtb7KhS4xQ5DHMHdwL3O4=,eo3OEHifbrJUvrXRTY5XdvYar3o=
-7,-12,GlZxbSdtb7KhS4xQ5DHMHdwL3O4=,eo3OEHifbrJUvrXRTY5XdvYar3o=
-6,-11,GlZxbSdtb7KhS4xQ5DHMHdwL3O4=,eo3OEHifbrJUvrXRTY5XdvYar3o=
-7,-13,GlZxbSdtb7KhS4xQ5DHMHdwL3O4=,1GFo4ZG/3SwHI4hGXHlJNeJxu6M=
-9,-13,GlZxbSdtb7KhS4xQ5DHMHdwL3O4=,HY1xuwaGOwofWrDEikvPwT/hTzI=
-8,-12,GlZxbSdtb7KhS4xQ5DHMHdwL3O4=,eo3OEHifbrJUvrXRTY5XdvYar3o=
-6,-13,GlZxbSdtb7KhS4xQ5DHMHdwL3O4=,1GFo4ZG/3SwHI4hGXHlJNeJxu6M=
-7,-11,GlZxbSdtb7KhS4xQ5DHMHdwL3O4=,eo3OEHifbrJUvrXRTY5XdvYar3o=
-9,-10,GlZxbSdtb7KhS4xQ5DHMHdwL3O4=,wYtyByDrSoJs2K9RQkMe7iqCU6I=
-9,-11,GlZxbSdtb7KhS4xQ5DHMHdwL3O4=,wYtyByDrSoJs2K9RQkMe7iqCU6I=
-3,-11,Z/WHpoRJl3z+LYtH37qejKWWwYY=,FOTK2O097cHoTtcAT4EBdiv8Khs=
-5,-10,Z/WHpoRJl3z+LYtH37qejKWWwYY=,eo3OEHifbrJUvrXRTY5XdvYar3o=
-4,-11,Z/WHpoRJl3z+LYtH37qejKWWwYY=,FOTK2O097cHoTtcAT4EBdiv8Khs=
-5,-11,Z/WHpoRJl3z+LYtH37qejKWWwYY=,eo3OEHifbrJUvrXRTY5XdvYar3o=
-3,-10,Z/WHpoRJl3z+LYtH37qejKWWwYY=,FOTK2O097cHoTtcAT4EBdiv8Khs=
-2,-11,Z/WHpoRJl3z+LYtH37qejKWWwYY=,FOTK2O097cHoTtcAT4EBdiv8Khs=
-2,-10,Z/WHpoRJl3z+LYtH37qejKWWwYY=,FOTK2O097cHoTtcAT4EBdiv8Khs=
-4,-10,Z/WHpoRJl3z+LYtH37qejKWWwYY=,FOTK2O097cHoTtcAT4EBdiv8Khs=
-8,-7,KySN2dzP7TMb02w6toP5TWlHIqk=,IUNRgUlTybgPukVB2nDIULTiRBs=
-6,-6,PK4ielTn/+GxWmUh77w7w9korn8=,IUNRgUlTybgPukVB2nDIULTiRBs=
-7,-6,PK4ielTn/+GxWmUh77w7w9korn8=,IUNRgUlTybgPukVB2nDIULTiRBs=
-9,-6,Z/WHpoRJl3z+LYtH37qejKWWwYY=,C5oMOPcoLn5KzvR2i4IETQmvGb4=
-7,-7,PK4ielTn/+GxWmUh77w7w9korn8=,IUNRgUlTybgPukVB2nDIULTiRBs=
-6,-8,KySN2dzP7TMb02w6toP5TWlHIqk=,IUNRgUlTybgPukVB2nDIULTiRBs=
-8,-6,KySN2dzP7TMb02w6toP5TWlHIqk=,IUNRgUlTybgPukVB2nDIULTiRBs=
-6,-7,PK4ielTn/+GxWmUh77w7w9korn8=,IUNRgUlTybgPukVB2nDIULTiRBs=
-6,-9,Z/WHpoRJl3z+LYtH37qejKWWwYY=,eo3OEHifbrJUvrXRTY5XdvYar3o=
-8,-9,Z/WHpoRJl3z+LYtH37qejKWWwYY=,eo3OEHifbrJUvrXRTY5XdvYar3o=
-9,-9,Z/WHpoRJl3z+LYtH37qejKWWwYY=,wYtyByDrSoJs2K9RQkMe7iqCU6I=
-7,-8,KySN2dzP7TMb02w6toP5TWlHIqk=,IUNRgUlTybgPukVB2nDIULTiRBs=
-9,-7,Z/WHpoRJl3z+LYtH37qejKWWwYY=,C5oMOPcoLn5KzvR2i4IETQmvGb4=
-7,-9,Z/WHpoRJl3z+LYtH37qejKWWwYY=,eo3OEHifbrJUvrXRTY5XdvYar3o=
-9,-8,Z/WHpoRJl3z+LYtH37qejKWWwYY=,C5oMOPcoLn5KzvR2i4IETQmvGb4=
-8,-8,KySN2dzP7TMb02w6toP5TWlHIqk=,IUNRgUlTybgPukVB2nDIULTiRBs=
-10,-1,PK4ielTn/+GxWmUh77w7w9korn8=,9qMGWgrfWmmjgoPN3z77kZ6SLQ8=
-11,-1,PK4ielTn/+GxWmUh77w7w9korn8=,9qMGWgrfWmmjgoPN3z77kZ6SLQ8=
-4,-6,KySN2dzP7TMb02w6toP5TWlHIqk=,r7wl32nLxrh25XUViVM2/d5l6Z4=
-1,-6,KySN2dzP7TMb02w6toP5TWlHIqk=,r7wl32nLxrh25XUViVM2/d5l6Z4=
-1,-7,KySN2dzP7TMb02w6toP5TWlHIqk=,r7wl32nLxrh25XUViVM2/d5l6Z4=
-5,-8,KySN2dzP7TMb02w6toP5TWlHIqk=,IUNRgUlTybgPukVB2nDIULTiRBs=
-5,-9,VlnszROzUC4E1dcYAngkoglPMbg=,eo3OEHifbrJUvrXRTY5XdvYar3o=
-2,-7,KySN2dzP7TMb02w6toP5TWlHIqk=,r7wl32nLxrh25XUViVM2/d5l6Z4=
-5,-6,KySN2dzP7TMb02w6toP5TWlHIqk=,IUNRgUlTybgPukVB2nDIULTiRBs=
-2,-9,VlnszROzUC4E1dcYAngkoglPMbg=,FOTK2O097cHoTtcAT4EBdiv8Khs=
-3,-6,KySN2dzP7TMb02w6toP5TWlHIqk=,r7wl32nLxrh25XUViVM2/d5l6Z4=
-5,-7,KySN2dzP7TMb02w6toP5TWlHIqk=,IUNRgUlTybgPukVB2nDIULTiRBs=
-3,-7,KySN2dzP7TMb02w6toP5TWlHIqk=,r7wl32nLxrh25XUViVM2/d5l6Z4=
-4,-9,VlnszROzUC4E1dcYAngkoglPMbg=,FOTK2O097cHoTtcAT4EBdiv8Khs=
-2,-8,KySN2dzP7TMb02w6toP5TWlHIqk=,r7wl32nLxrh25XUViVM2/d5l6Z4=
-3,-9,VlnszROzUC4E1dcYAngkoglPMbg=,FOTK2O097cHoTtcAT4EBdiv8Khs=
-2,-6,KySN2dzP7TMb02w6toP5TWlHIqk=,r7wl32nLxrh25XUViVM2/d5l6Z4=
-3,-8,KySN2dzP7TMb02w6toP5TWlHIqk=,r7wl32nLxrh25XUViVM2/d5l6Z4=
-4,-8,KySN2dzP7TMb02w6toP5TWlHIqk=,r7wl32nLxrh25XUViVM2/d5l6Z4=
-4,-7,KySN2dzP7TMb02w6toP5TWlHIqk=,r7wl32nLxrh25XUViVM2/d5l6Z4=
-1,-11,VlnszROzUC4E1dcYAngkoglPMbg=,FOTK2O097cHoTtcAT4EBdiv8Khs=
-1,-10,VlnszROzUC4E1dcYAngkoglPMbg=,FOTK2O097cHoTtcAT4EBdiv8Khs=
-1,-9,VlnszROzUC4E1dcYAngkoglPMbg=,FOTK2O097cHoTtcAT4EBdiv8Khs=
-12,-1,KySN2dzP7TMb02w6toP5TWlHIqk=,9qMGWgrfWmmjgoPN3z77kZ6SLQ8=
-13,-1,KySN2dzP7TMb02w6toP5TWlHIqk=,hFd0b0EGxNtoqSH92A4/jtdCDkM=
-14,-1,KySN2dzP7TMb02w6toP5TWlHIqk=,hFd0b0EGxNtoqSH92A4/jtdCDkM=
-15,-1,KySN2dzP7TMb02w6toP5TWlHIqk=,hFd0b0EGxNtoqSH92A4/jtdCDkM=
-1,-8,KySN2dzP7TMb02w6toP5TWlHIqk=,r7wl32nLxrh25XUViVM2/d5l6Z4=
-7,-16,VlnszROzUC4E1dcYAngkoglPMbg=,1GFo4ZG/3SwHI4hGXHlJNeJxu6M=
-6,-16,VlnszROzUC4E1dcYAngkoglPMbg=,1GFo4ZG/3SwHI4hGXHlJNeJxu6M=
-8,-16,VlnszROzUC4E1dcYAngkoglPMbg=,1GFo4ZG/3SwHI4hGXHlJNeJxu6M=
-9,-16,VlnszROzUC4E1dcYAngkoglPMbg=,HY1xuwaGOwofWrDEikvPwT/hTzI=
-11,-16,VlnszROzUC4E1dcYAngkoglPMbg=,HY1xuwaGOwofWrDEikvPwT/hTzI=
-15,-16,VlnszROzUC4E1dcYAngkoglPMbg=,m5bdU6jYkKLT6a+RhZB9mrgfPco=
-14,-16,VlnszROzUC4E1dcYAngkoglPMbg=,m5bdU6jYkKLT6a+RhZB9mrgfPco=
-12,-16,VlnszROzUC4E1dcYAngkoglPMbg=,HY1xuwaGOwofWrDEikvPwT/hTzI=
-10,-16,VlnszROzUC4E1dcYAngkoglPMbg=,HY1xuwaGOwofWrDEikvPwT/hTzI=
-13,-16,VlnszROzUC4E1dcYAngkoglPMbg=,m5bdU6jYkKLT6a+RhZB9mrgfPco=
-8,-5,KySN2dzP7TMb02w6toP5TWlHIqk=,IUNRgUlTybgPukVB2nDIULTiRBs=
-9,-2,PK4ielTn/+GxWmUh77w7w9korn8=,9qMGWgrfWmmjgoPN3z77kZ6SLQ8=
-6,-4,iEpIGs/xEwOvahUU6AqJc3IhXw0=,ERDM6kSt3QnjTZNbIcIGUn+bbwA=
-9,-5,VlnszROzUC4E1dcYAngkoglPMbg=,C5oMOPcoLn5KzvR2i4IETQmvGb4=
-9,-1,KySN2dzP7TMb02w6toP5TWlHIqk=,9qMGWgrfWmmjgoPN3z77kZ6SLQ8=
-9,-3,PK4ielTn/+GxWmUh77w7w9korn8=,9qMGWgrfWmmjgoPN3z77kZ6SLQ8=
-7,-4,iEpIGs/xEwOvahUU6AqJc3IhXw0=,ERDM6kSt3QnjTZNbIcIGUn+bbwA=
-9,-4,KySN2dzP7TMb02w6toP5TWlHIqk=,9qMGWgrfWmmjgoPN3z77kZ6SLQ8=
-8,-4,iEpIGs/xEwOvahUU6AqJc3IhXw0=,ERDM6kSt3QnjTZNbIcIGUn+bbwA=
-6,-1,iEpIGs/xEwOvahUU6AqJc3IhXw0=,ERDM6kSt3QnjTZNbIcIGUn+bbwA=
-7,-1,iEpIGs/xEwOvahUU6AqJc3IhXw0=,ERDM6kSt3QnjTZNbIcIGUn+bbwA=
-8,-1,iEpIGs/xEwOvahUU6AqJc3IhXw0=,ERDM6kSt3QnjTZNbIcIGUn+bbwA=
-6,-2,iEpIGs/xEwOvahUU6AqJc3IhXw0=,ERDM6kSt3QnjTZNbIcIGUn+bbwA=
-7,-2,iEpIGs/xEwOvahUU6AqJc3IhXw0=,ERDM6kSt3QnjTZNbIcIGUn+bbwA=
-8,-2,iEpIGs/xEwOvahUU6AqJc3IhXw0=,ERDM6kSt3QnjTZNbIcIGUn+bbwA=
-6,-5,PK4ielTn/+GxWmUh77w7w9korn8=,IUNRgUlTybgPukVB2nDIULTiRBs=
-6,-3,iEpIGs/xEwOvahUU6AqJc3IhXw0=,ERDM6kSt3QnjTZNbIcIGUn+bbwA=
-7,-5,PK4ielTn/+GxWmUh77w7w9korn8=,IUNRgUlTybgPukVB2nDIULTiRBs=
-7,-3,iEpIGs/xEwOvahUU6AqJc3IhXw0=,ERDM6kSt3QnjTZNbIcIGUn+bbwA=
-8,-3,iEpIGs/xEwOvahUU6AqJc3IhXw0=,ERDM6kSt3QnjTZNbIcIGUn+bbwA=
-16,-3,KySN2dzP7TMb02w6toP5TWlHIqk=,hFd0b0EGxNtoqSH92A4/jtdCDkM=
-16,-2,KySN2dzP7TMb02w6toP5TWlHIqk=,hFd0b0EGxNtoqSH92A4/jtdCDkM=
-16,-11,VlnszROzUC4E1dcYAngkoglPMbg=,ID5E0QfSaIMBS433v+RDICBDn/k=
-16,-10,VlnszROzUC4E1dcYAngkoglPMbg=,ID5E0QfSaIMBS433v+RDICBDn/k=
-16,-9,VlnszROzUC4E1dcYAngkoglPMbg=,ID5E0QfSaIMBS433v+RDICBDn/k=
-16,-6,VlnszROzUC4E1dcYAngkoglPMbg=,Ol80l4Sy9Of6ESlJBDOAXaerIIQ=
-16,-7,VlnszROzUC4E1dcYAngkoglPMbg=,Ol80l4Sy9Of6ESlJBDOAXaerIIQ=
-16,-4,KySN2dzP7TMb02w6toP5TWlHIqk=,hFd0b0EGxNtoqSH92A4/jtdCDkM=
-16,-8,VlnszROzUC4E1dcYAngkoglPMbg=,Ol80l4Sy9Of6ESlJBDOAXaerIIQ=
-16,-5,VlnszROzUC4E1dcYAngkoglPMbg=,Ol80l4Sy9Of6ESlJBDOAXaerIIQ=
-16,-15,VlnszROzUC4E1dcYAngkoglPMbg=,m5bdU6jYkKLT6a+RhZB9mrgfPco=
-16,-13,VlnszROzUC4E1dcYAngkoglPMbg=,m5bdU6jYkKLT6a+RhZB9mrgfPco=
-16,-14,VlnszROzUC4E1dcYAngkoglPMbg=,m5bdU6jYkKLT6a+RhZB9mrgfPco=
-16,-16,VlnszROzUC4E1dcYAngkoglPMbg=,m5bdU6jYkKLT6a+RhZB9mrgfPco=
-16,-12,VlnszROzUC4E1dcYAngkoglPMbg=,ID5E0QfSaIMBS433v+RDICBDn/k=
-16,-1,KySN2dzP7TMb02w6toP5TWlHIqk=,hFd0b0EGxNtoqSH92A4/jtdCDkM=
-5,-4,iEpIGs/xEwOvahUU6AqJc3IhXw0=,ERDM6kSt3QnjTZNbIcIGUn+bbwA=
-1,-1,iEpIGs/xEwOvahUU6AqJc3IhXw0=,O6FIWY6Um0zAx6VKNXmZcctKJ+o=
-2,-1,iEpIGs/xEwOvahUU6AqJc3IhXw0=,O6FIWY6Um0zAx6VKNXmZcctKJ+o=
-3,-4,iEpIGs/xEwOvahUU6AqJc3IhXw0=,O6FIWY6Um0zAx6VKNXmZcctKJ+o=
-5,-1,iEpIGs/xEwOvahUU6AqJc3IhXw0=,ERDM6kSt3QnjTZNbIcIGUn+bbwA=
-3,-3,iEpIGs/xEwOvahUU6AqJc3IhXw0=,O6FIWY6Um0zAx6VKNXmZcctKJ+o=
-4,-1,iEpIGs/xEwOvahUU6AqJc3IhXw0=,O6FIWY6Um0zAx6VKNXmZcctKJ+o=
-4,-3,iEpIGs/xEwOvahUU6AqJc3IhXw0=,O6FIWY6Um0zAx6VKNXmZcctKJ+o=
-1,-4,iEpIGs/xEwOvahUU6AqJc3IhXw0=,O6FIWY6Um0zAx6VKNXmZcctKJ+o=
-1,-3,iEpIGs/xEwOvahUU6AqJc3IhXw0=,O6FIWY6Um0zAx6VKNXmZcctKJ+o=
-5,-2,iEpIGs/xEwOvahUU6AqJc3IhXw0=,ERDM6kSt3QnjTZNbIcIGUn+bbwA=
-1,-2,iEpIGs/xEwOvahUU6AqJc3IhXw0=,O6FIWY6Um0zAx6VKNXmZcctKJ+o=
-5,-3,iEpIGs/xEwOvahUU6AqJc3IhXw0=,ERDM6kSt3QnjTZNbIcIGUn+bbwA=
-3,-5,KySN2dzP7TMb02w6toP5TWlHIqk=,r7wl32nLxrh25XUViVM2/d5l6Z4=
-3,-1,iEpIGs/xEwOvahUU6AqJc3IhXw0=,O6FIWY6Um0zAx6VKNXmZcctKJ+o=
-1,-5,KySN2dzP7TMb02w6toP5TWlHIqk=,r7wl32nLxrh25XUViVM2/d5l6Z4=
-5,-5,KySN2dzP7TMb02w6toP5TWlHIqk=,IUNRgUlTybgPukVB2nDIULTiRBs=
-2,-4,iEpIGs/xEwOvahUU6AqJc3IhXw0=,O6FIWY6Um0zAx6VKNXmZcctKJ+o=
-4,-2,iEpIGs/xEwOvahUU6AqJc3IhXw0=,O6FIWY6Um0zAx6VKNXmZcctKJ+o=
-4,-5,KySN2dzP7TMb02w6toP5TWlHIqk=,r7wl32nLxrh25XUViVM2/d5l6Z4=
-2,-5,KySN2dzP7TMb02w6toP5TWlHIqk=,r7wl32nLxrh25XUViVM2/d5l6Z4=
-2,-3,iEpIGs/xEwOvahUU6AqJc3IhXw0=,O6FIWY6Um0zAx6VKNXmZcctKJ+o=
-3,-2,iEpIGs/xEwOvahUU6AqJc3IhXw0=,O6FIWY6Um0zAx6VKNXmZcctKJ+o=
-2,-2,iEpIGs/xEwOvahUU6AqJc3IhXw0=,O6FIWY6Um0zAx6VKNXmZcctKJ+o=
-4,-4,iEpIGs/xEwOvahUU6AqJc3IhXw0=,O6FIWY6Um0zAx6VKNXmZcctKJ+o=
-1,-16,IR/8IMSc9q1Nhecp1/8GsLORZqI=,oimyWKOX2vgLspF8cR0vq6UzVFg=
-2,-16,IR/8IMSc9q1Nhecp1/8GsLORZqI=,oimyWKOX2vgLspF8cR0vq6UzVFg=
-5,-16,IR/8IMSc9q1Nhecp1/8GsLORZqI=,1GFo4ZG/3SwHI4hGXHlJNeJxu6M=
-3,-16,IR/8IMSc9q1Nhecp1/8GsLORZqI=,oimyWKOX2vgLspF8cR0vq6UzVFg=
-5,-15,IR/8IMSc9q1Nhecp1/8GsLORZqI=,1GFo4ZG/3SwHI4hGXHlJNeJxu6M=
-4,-15,IR/8IMSc9q1Nhecp1/8GsLORZqI=,oimyWKOX2vgLspF8cR0vq6UzVFg=
-3,-13,IR/8IMSc9q1Nhecp1/8GsLORZqI=,oimyWKOX2vgLspF8cR0vq6UzVFg=
-4,-16,IR/8IMSc9q1Nhecp1/8GsLORZqI=,oimyWKOX2vgLspF8cR0vq6UzVFg=
-2,-13,IR/8IMSc9q1Nhecp1/8GsLORZqI=,oimyWKOX2vgLspF8cR0vq6UzVFg=
-1,-13,IR/8IMSc9q1Nhecp1/8GsLORZqI=,oimyWKOX2vgLspF8cR0vq6UzVFg=
-3,-15,IR/8IMSc9q1Nhecp1/8GsLORZqI=,oimyWKOX2vgLspF8cR0vq6UzVFg=
-1,-12,IR/8IMSc9q1Nhecp1/8GsLORZqI=,FOTK2O097cHoTtcAT4EBdiv8Khs=
-3,-12,IR/8IMSc9q1Nhecp1/8GsLORZqI=,FOTK2O097cHoTtcAT4EBdiv8Khs=
-4,-13,IR/8IMSc9q1Nhecp1/8GsLORZqI=,oimyWKOX2vgLspF8cR0vq6UzVFg=
-2,-12,IR/8IMSc9q1Nhecp1/8GsLORZqI=,FOTK2O097cHoTtcAT4EBdiv8Khs=
-4,-12,IR/8IMSc9q1Nhecp1/8GsLORZqI=,FOTK2O097cHoTtcAT4EBdiv8Khs=
-1,-14,IR/8IMSc9q1Nhecp1/8GsLORZqI=,oimyWKOX2vgLspF8cR0vq6UzVFg=
-2,-14,IR/8IMSc9q1Nhecp1/8GsLORZqI=,oimyWKOX2vgLspF8cR0vq6UzVFg=
-2,-15,IR/8IMSc9q1Nhecp1/8GsLORZqI=,oimyWKOX2vgLspF8cR0vq6UzVFg=
-5,-13,IR/8IMSc9q1Nhecp1/8GsLORZqI=,1GFo4ZG/3SwHI4hGXHlJNeJxu6M=
-3,-14,IR/8IMSc9q1Nhecp1/8GsLORZqI=,oimyWKOX2vgLspF8cR0vq6UzVFg=
-4,-14,IR/8IMSc9q1Nhecp1/8GsLORZqI=,oimyWKOX2vgLspF8cR0vq6UzVFg=
-5,-14,IR/8IMSc9q1Nhecp1/8GsLORZqI=,1GFo4ZG/3SwHI4hGXHlJNeJxu6M=
-1,-15,IR/8IMSc9q1Nhecp1/8GsLORZqI=,oimyWKOX2vgLspF8cR0vq6UzVFg=
-5,-12,IR/8IMSc9q1Nhecp1/8GsLORZqI=,eo3OEHifbrJUvrXRTY5XdvYar3o=
-2,-23,IR/8IMSc9q1Nhecp1/8GsLORZqI=,HDDyt1XeiY5ztpMeBng1OcCkeyE=
-3,-22,IR/8IMSc9q1Nhecp1/8GsLORZqI=,HDDyt1XeiY5ztpMeBng1OcCkeyE=
-3,-23,IR/8IMSc9q1Nhecp1/8GsLORZqI=,HDDyt1XeiY5ztpMeBng1OcCkeyE=
-2,-22,IR/8IMSc9q1Nhecp1/8GsLORZqI=,HDDyt1XeiY5ztpMeBng1OcCkeyE=
-2,-20,IR/8IMSc9q1Nhecp1/8GsLORZqI=,llUyESOyfksuDbMElEBc4Vi0HDM=
-3,-18,IR/8IMSc9q1Nhecp1/8GsLORZqI=,llUyESOyfksuDbMElEBc4Vi0HDM=
-3,-19,IR/8IMSc9q1Nhecp1/8GsLORZqI=,llUyESOyfksuDbMElEBc4Vi0HDM=
-3,-21,IR/8IMSc9q1Nhecp1/8GsLORZqI=,HDDyt1XeiY5ztpMeBng1OcCkeyE=
-3,-20,IR/8IMSc9q1Nhecp1/8GsLORZqI=,llUyESOyfksuDbMElEBc4Vi0HDM=
-2,-18,IR/8IMSc9q1Nhecp1/8GsLORZqI=,llUyESOyfksuDbMElEBc4Vi0HDM=
-2,-21,IR/8IMSc9q1Nhecp1/8GsLORZqI=,HDDyt1XeiY5ztpMeBng1OcCkeyE=
-2,-19,IR/8IMSc9q1Nhecp1/8GsLORZqI=,llUyESOyfksuDbMElEBc4Vi0HDM=
-3,-27,IR/8IMSc9q1Nhecp1/8GsLORZqI=,Qm3A34rhBmNcyjgTpA8Xnbkrtko=
-2,-27,IR/8IMSc9q1Nhecp1/8GsLORZqI=,Qm3A34rhBmNcyjgTpA8Xnbkrtko=
-3,-26,IR/8IMSc9q1Nhecp1/8GsLORZqI=,Qm3A34rhBmNcyjgTpA8Xnbkrtko=
-2,-25,IR/8IMSc9q1Nhecp1/8GsLORZqI=,Qm3A34rhBmNcyjgTpA8Xnbkrtko=
-3,-24,IR/8IMSc9q1Nhecp1/8GsLORZqI=,HDDyt1XeiY5ztpMeBng1OcCkeyE=
-3,-25,IR/8IMSc9q1Nhecp1/8GsLORZqI=,Qm3A34rhBmNcyjgTpA8Xnbkrtko=
-2,-26,IR/8IMSc9q1Nhecp1/8GsLORZqI=,Qm3A34rhBmNcyjgTpA8Xnbkrtko=
-2,-24,IR/8IMSc9q1Nhecp1/8GsLORZqI=,HDDyt1XeiY5ztpMeBng1OcCkeyE=
-4,-27,IR/8IMSc9q1Nhecp1/8GsLORZqI=,Qm3A34rhBmNcyjgTpA8Xnbkrtko=
-11,-19,IR/8IMSc9q1Nhecp1/8GsLORZqI=,DsIAnWqnQs6tIa5GpzplO8tJopA=
-10,-19,IR/8IMSc9q1Nhecp1/8GsLORZqI=,DsIAnWqnQs6tIa5GpzplO8tJopA=
-11,-18,IR/8IMSc9q1Nhecp1/8GsLORZqI=,DsIAnWqnQs6tIa5GpzplO8tJopA=
-5,-26,IR/8IMSc9q1Nhecp1/8GsLORZqI=,oXywEiaItapwdaJw8vHbDKvwS6I=
-10,-18,IR/8IMSc9q1Nhecp1/8GsLORZqI=,DsIAnWqnQs6tIa5GpzplO8tJopA=
-11,-20,IR/8IMSc9q1Nhecp1/8GsLORZqI=,DsIAnWqnQs6tIa5GpzplO8tJopA=
-10,-20,IR/8IMSc9q1Nhecp1/8GsLORZqI=,DsIAnWqnQs6tIa5GpzplO8tJopA=
-7,-26,IR/8IMSc9q1Nhecp1/8GsLORZqI=,oXywEiaItapwdaJw8vHbDKvwS6I=
-5,-27,IR/8IMSc9q1Nhecp1/8GsLORZqI=,oXywEiaItapwdaJw8vHbDKvwS6I=
-6,-26,IR/8IMSc9q1Nhecp1/8GsLORZqI=,oXywEiaItapwdaJw8vHbDKvwS6I=
-6,-27,IR/8IMSc9q1Nhecp1/8GsLORZqI=,oXywEiaItapwdaJw8vHbDKvwS6I=
-7,-27,IR/8IMSc9q1Nhecp1/8GsLORZqI=,oXywEiaItapwdaJw8vHbDKvwS6I=
-4,-26,IR/8IMSc9q1Nhecp1/8GsLORZqI=,Qm3A34rhBmNcyjgTpA8Xnbkrtko=
-8,-19,IR/8IMSc9q1Nhecp1/8GsLORZqI=,UanTQuFbQmnnH7CAkBGgmjPvvQ8=
-5,-18,IR/8IMSc9q1Nhecp1/8GsLORZqI=,UanTQuFbQmnnH7CAkBGgmjPvvQ8=
-5,-19,IR/8IMSc9q1Nhecp1/8GsLORZqI=,UanTQuFbQmnnH7CAkBGgmjPvvQ8=
-8,-18,IR/8IMSc9q1Nhecp1/8GsLORZqI=,UanTQuFbQmnnH7CAkBGgmjPvvQ8=
-4,-18,IR/8IMSc9q1Nhecp1/8GsLORZqI=,llUyESOyfksuDbMElEBc4Vi0HDM=
-6,-18,IR/8IMSc9q1Nhecp1/8GsLORZqI=,UanTQuFbQmnnH7CAkBGgmjPvvQ8=
-6,-19,IR/8IMSc9q1Nhecp1/8GsLORZqI=,UanTQuFbQmnnH7CAkBGgmjPvvQ8=
-4,-19,IR/8IMSc9q1Nhecp1/8GsLORZqI=,llUyESOyfksuDbMElEBc4Vi0HDM=
-8,-27,IR/8IMSc9q1Nhecp1/8GsLORZqI=,oXywEiaItapwdaJw8vHbDKvwS6I=
-8,-26,IR/8IMSc9q1Nhecp1/8GsLORZqI=,oXywEiaItapwdaJw8vHbDKvwS6I=
-7,-19,IR/8IMSc9q1Nhecp1/8GsLORZqI=,UanTQuFbQmnnH7CAkBGgmjPvvQ8=
-7,-18,IR/8IMSc9q1Nhecp1/8GsLORZqI=,UanTQuFbQmnnH7CAkBGgmjPvvQ8=
-9,-19,IR/8IMSc9q1Nhecp1/8GsLORZqI=,DsIAnWqnQs6tIa5GpzplO8tJopA=
-11,-17,IR/8IMSc9q1Nhecp1/8GsLORZqI=,DsIAnWqnQs6tIa5GpzplO8tJopA=
-10,-17,IR/8IMSc9q1Nhecp1/8GsLORZqI=,DsIAnWqnQs6tIa5GpzplO8tJopA=
-9,-17,IR/8IMSc9q1Nhecp1/8GsLORZqI=,DsIAnWqnQs6tIa5GpzplO8tJopA=
-8,-17,IR/8IMSc9q1Nhecp1/8GsLORZqI=,UanTQuFbQmnnH7CAkBGgmjPvvQ8=
-7,-17,IR/8IMSc9q1Nhecp1/8GsLORZqI=,UanTQuFbQmnnH7CAkBGgmjPvvQ8=
-2,-17,IR/8IMSc9q1Nhecp1/8GsLORZqI=,llUyESOyfksuDbMElEBc4Vi0HDM=
-6,-17,IR/8IMSc9q1Nhecp1/8GsLORZqI=,UanTQuFbQmnnH7CAkBGgmjPvvQ8=
-3,-17,IR/8IMSc9q1Nhecp1/8GsLORZqI=,llUyESOyfksuDbMElEBc4Vi0HDM=
-9,-18,IR/8IMSc9q1Nhecp1/8GsLORZqI=,DsIAnWqnQs6tIa5GpzplO8tJopA=
-3,-28,IR/8IMSc9q1Nhecp1/8GsLORZqI=,Qm3A34rhBmNcyjgTpA8Xnbkrtko=
-1,-19,IR/8IMSc9q1Nhecp1/8GsLORZqI=,llUyESOyfksuDbMElEBc4Vi0HDM=
-2,-28,IR/8IMSc9q1Nhecp1/8GsLORZqI=,Qm3A34rhBmNcyjgTpA8Xnbkrtko=
-1,-18,IR/8IMSc9q1Nhecp1/8GsLORZqI=,llUyESOyfksuDbMElEBc4Vi0HDM=
-1,-27,IR/8IMSc9q1Nhecp1/8GsLORZqI=,Qm3A34rhBmNcyjgTpA8Xnbkrtko=
-1,-17,IR/8IMSc9q1Nhecp1/8GsLORZqI=,llUyESOyfksuDbMElEBc4Vi0HDM=
-12,-19,IR/8IMSc9q1Nhecp1/8GsLORZqI=,DsIAnWqnQs6tIa5GpzplO8tJopA=
-12,-18,IR/8IMSc9q1Nhecp1/8GsLORZqI=,DsIAnWqnQs6tIa5GpzplO8tJopA=
-12,-20,IR/8IMSc9q1Nhecp1/8GsLORZqI=,DsIAnWqnQs6tIa5GpzplO8tJopA=
-7,-28,IR/8IMSc9q1Nhecp1/8GsLORZqI=,oXywEiaItapwdaJw8vHbDKvwS6I=
-6,-28,IR/8IMSc9q1Nhecp1/8GsLORZqI=,oXywEiaItapwdaJw8vHbDKvwS6I=
-5,-28,IR/8IMSc9q1Nhecp1/8GsLORZqI=,oXywEiaItapwdaJw8vHbDKvwS6I=
-4,-28,IR/8IMSc9q1Nhecp1/8GsLORZqI=,Qm3A34rhBmNcyjgTpA8Xnbkrtko=
-4,-17,IR/8IMSc9q1Nhecp1/8GsLORZqI=,llUyESOyfksuDbMElEBc4Vi0HDM=
-8,-28,IR/8IMSc9q1Nhecp1/8GsLORZqI=,oXywEiaItapwdaJw8vHbDKvwS6I=
-1,-28,IR/8IMSc9q1Nhecp1/8GsLORZqI=,Qm3A34rhBmNcyjgTpA8Xnbkrtko=
-12,-17,IR/8IMSc9q1Nhecp1/8GsLORZqI=,DsIAnWqnQs6tIa5GpzplO8tJopA=
-1,-26,IR/8IMSc9q1Nhecp1/8GsLORZqI=,Qm3A34rhBmNcyjgTpA8Xnbkrtko=
-5,-17,IR/8IMSc9q1Nhecp1/8GsLORZqI=,UanTQuFbQmnnH7CAkBGgmjPvvQ8=
-1,-20,IR/8IMSc9q1Nhecp1/8GsLORZqI=,llUyESOyfksuDbMElEBc4Vi0HDM=
-1,-23,IR/8IMSc9q1Nhecp1/8GsLORZqI=,HDDyt1XeiY5ztpMeBng1OcCkeyE=
-1,-22,IR/8IMSc9q1Nhecp1/8GsLORZqI=,HDDyt1XeiY5ztpMeBng1OcCkeyE=
-1,-25,IR/8IMSc9q1Nhecp1/8GsLORZqI=,Qm3A34rhBmNcyjgTpA8Xnbkrtko=
-1,-24,IR/8IMSc9q1Nhecp1/8GsLORZqI=,HDDyt1XeiY5ztpMeBng1OcCkeyE=
-1,-21,IR/8IMSc9q1Nhecp1/8GsLORZqI=,HDDyt1XeiY5ztpMeBng1OcCkeyE=
-4,-20,IR/8IMSc9q1Nhecp1/8GsLORZqI=,llUyESOyfksuDbMElEBc4Vi0HDM=
-4,-24,IR/8IMSc9q1Nhecp1/8GsLORZqI=,HDDyt1XeiY5ztpMeBng1OcCkeyE=
-4,-22,IR/8IMSc9q1Nhecp1/8GsLORZqI=,HDDyt1XeiY5ztpMeBng1OcCkeyE=
-8,-25,IR/8IMSc9q1Nhecp1/8GsLORZqI=,oXywEiaItapwdaJw8vHbDKvwS6I=
-5,-23,IR/8IMSc9q1Nhecp1/8GsLORZqI=,Dku8wi3hoIB1Rw/t2hOJo1i4JR0=
-4,-21,IR/8IMSc9q1Nhecp1/8GsLORZqI=,HDDyt1XeiY5ztpMeBng1OcCkeyE=
-8,-22,IR/8IMSc9q1Nhecp1/8GsLORZqI=,Dku8wi3hoIB1Rw/t2hOJo1i4JR0=
-5,-21,IR/8IMSc9q1Nhecp1/8GsLORZqI=,Dku8wi3hoIB1Rw/t2hOJo1i4JR0=
-6,-23,IR/8IMSc9q1Nhecp1/8GsLORZqI=,Dku8wi3hoIB1Rw/t2hOJo1i4JR0=
-6,-24,IR/8IMSc9q1Nhecp1/8GsLORZqI=,Dku8wi3hoIB1Rw/t2hOJo1i4JR0=
-7,-24,IR/8IMSc9q1Nhecp1/8GsLORZqI=,Dku8wi3hoIB1Rw/t2hOJo1i4JR0=
-6,-22,IR/8IMSc9q1Nhecp1/8GsLORZqI=,Dku8wi3hoIB1Rw/t2hOJo1i4JR0=
-8,-24,IR/8IMSc9q1Nhecp1/8GsLORZqI=,Dku8wi3hoIB1Rw/t2hOJo1i4JR0=
-9,-20,IR/8IMSc9q1Nhecp1/8GsLORZqI=,DsIAnWqnQs6tIa5GpzplO8tJopA=
-7,-22,IR/8IMSc9q1Nhecp1/8GsLORZqI=,Dku8wi3hoIB1Rw/t2hOJo1i4JR0=
-5,-20,IR/8IMSc9q1Nhecp1/8GsLORZqI=,UanTQuFbQmnnH7CAkBGgmjPvvQ8=
-4,-23,IR/8IMSc9q1Nhecp1/8GsLORZqI=,HDDyt1XeiY5ztpMeBng1OcCkeyE=
-4,-25,IR/8IMSc9q1Nhecp1/8GsLORZqI=,Qm3A34rhBmNcyjgTpA8Xnbkrtko=
-8,-20,IR/8IMSc9q1Nhecp1/8GsLORZqI=,UanTQuFbQmnnH7CAkBGgmjPvvQ8=
-6,-20,IR/8IMSc9q1Nhecp1/8GsLORZqI=,UanTQuFbQmnnH7CAkBGgmjPvvQ8=
-7,-23,IR/8IMSc9q1Nhecp1/8GsLORZqI=,Dku8wi3hoIB1Rw/t2hOJo1i4JR0=
-8,-23,IR/8IMSc9q1Nhecp1/8GsLORZqI=,Dku8wi3hoIB1Rw/t2hOJo1i4JR0=
-7,-25,IR/8IMSc9q1Nhecp1/8GsLORZqI=,oXywEiaItapwdaJw8vHbDKvwS6I=
-6,-21,IR/8IMSc9q1Nhecp1/8GsLORZqI=,Dku8wi3hoIB1Rw/t2hOJo1i4JR0=
-8,-21,IR/8IMSc9q1Nhecp1/8GsLORZqI=,Dku8wi3hoIB1Rw/t2hOJo1i4JR0=
-7,-20,IR/8IMSc9q1Nhecp1/8GsLORZqI=,UanTQuFbQmnnH7CAkBGgmjPvvQ8=
-7,-21,IR/8IMSc9q1Nhecp1/8GsLORZqI=,Dku8wi3hoIB1Rw/t2hOJo1i4JR0=
-5,-25,IR/8IMSc9q1Nhecp1/8GsLORZqI=,oXywEiaItapwdaJw8vHbDKvwS6I=
-5,-22,IR/8IMSc9q1Nhecp1/8GsLORZqI=,Dku8wi3hoIB1Rw/t2hOJo1i4JR0=
-6,-25,IR/8IMSc9q1Nhecp1/8GsLORZqI=,oXywEiaItapwdaJw8vHbDKvwS6I=
-5,-24,IR/8IMSc9q1Nhecp1/8GsLORZqI=,Dku8wi3hoIB1Rw/t2hOJo1i4JR0=
-27,-7,PlEI6/TGyQNA4xtY8xeENYmt3jo=,QDh38KTQVfk5LAEyLZzn3D0E1qA=
-26,-6,PlEI6/TGyQNA4xtY8xeENYmt3jo=,QDh38KTQVfk5LAEyLZzn3D0E1qA=
-27,-6,PlEI6/TGyQNA4xtY8xeENYmt3jo=,QDh38KTQVfk5LAEyLZzn3D0E1qA=
-26,-7,PlEI6/TGyQNA4xtY8xeENYmt3jo=,QDh38KTQVfk5LAEyLZzn3D0E1qA=
-31,-7,XMbVSnu/lbN6goNtJ/CryCwXR+0=,lTy7KvFwnC3YoWOvDivukqXJnmo=
-28,-6,PlEI6/TGyQNA4xtY8xeENYmt3jo=,QDh38KTQVfk5LAEyLZzn3D0E1qA=
-28,-7,PlEI6/TGyQNA4xtY8xeENYmt3jo=,QDh38KTQVfk5LAEyLZzn3D0E1qA=
-30,-7,XMbVSnu/lbN6goNtJ/CryCwXR+0=,lTy7KvFwnC3YoWOvDivukqXJnmo=
-29,-6,XMbVSnu/lbN6goNtJ/CryCwXR+0=,lTy7KvFwnC3YoWOvDivukqXJnmo=
-30,-6,XMbVSnu/lbN6goNtJ/CryCwXR+0=,lTy7KvFwnC3YoWOvDivukqXJnmo=
-31,-6,XMbVSnu/lbN6goNtJ/CryCwXR+0=,lTy7KvFwnC3YoWOvDivukqXJnmo=
-29,-7,XMbVSnu/lbN6goNtJ/CryCwXR+0=,lTy7KvFwnC3YoWOvDivukqXJnmo=
-27,-5,PlEI6/TGyQNA4xtY8xeENYmt3jo=,QDh38KTQVfk5LAEyLZzn3D0E1qA=
-26,-4,XMbVSnu/lbN6goNtJ/CryCwXR+0=,jqRVNRK4DEqB9jzdvOsbvqwLx7g=
-27,-4,XMbVSnu/lbN6goNtJ/CryCwXR+0=,jqRVNRK4DEqB9jzdvOsbvqwLx7g=
-27,-2,XMbVSnu/lbN6goNtJ/CryCwXR+0=,jqRVNRK4DEqB9jzdvOsbvqwLx7g=
-26,-2,XMbVSnu/lbN6goNtJ/CryCwXR+0=,jqRVNRK4DEqB9jzdvOsbvqwLx7g=
-26,-3,XMbVSnu/lbN6goNtJ/CryCwXR+0=,jqRVNRK4DEqB9jzdvOsbvqwLx7g=
-26,-5,PlEI6/TGyQNA4xtY8xeENYmt3jo=,QDh38KTQVfk5LAEyLZzn3D0E1qA=
-27,-3,XMbVSnu/lbN6goNtJ/CryCwXR+0=,jqRVNRK4DEqB9jzdvOsbvqwLx7g=
-31,-3,XMbVSnu/lbN6goNtJ/CryCwXR+0=,tqqsRN4OgUgAeN9o2lCuglIoaxs=
-29,-2,XMbVSnu/lbN6goNtJ/CryCwXR+0=,tqqsRN4OgUgAeN9o2lCuglIoaxs=
-30,-2,XMbVSnu/lbN6goNtJ/CryCwXR+0=,tqqsRN4OgUgAeN9o2lCuglIoaxs=
-28,-5,PlEI6/TGyQNA4xtY8xeENYmt3jo=,QDh38KTQVfk5LAEyLZzn3D0E1qA=
-29,-4,XMbVSnu/lbN6goNtJ/CryCwXR+0=,tqqsRN4OgUgAeN9o2lCuglIoaxs=
-31,-2,XMbVSnu/lbN6goNtJ/CryCwXR+0=,tqqsRN4OgUgAeN9o2lCuglIoaxs=
-28,-3,XMbVSnu/lbN6goNtJ/CryCwXR+0=,jqRVNRK4DEqB9jzdvOsbvqwLx7g=
-31,-4,XMbVSnu/lbN6goNtJ/CryCwXR+0=,tqqsRN4OgUgAeN9o2lCuglIoaxs=
-30,-4,XMbVSnu/lbN6goNtJ/CryCwXR+0=,tqqsRN4OgUgAeN9o2lCuglIoaxs=
-28,-2,XMbVSnu/lbN6goNtJ/CryCwXR+0=,jqRVNRK4DEqB9jzdvOsbvqwLx7g=
-29,-3,XMbVSnu/lbN6goNtJ/CryCwXR+0=,tqqsRN4OgUgAeN9o2lCuglIoaxs=
-29,-5,XMbVSnu/lbN6goNtJ/CryCwXR+0=,lTy7KvFwnC3YoWOvDivukqXJnmo=
-28,-4,XMbVSnu/lbN6goNtJ/CryCwXR+0=,jqRVNRK4DEqB9jzdvOsbvqwLx7g=
-30,-3,XMbVSnu/lbN6goNtJ/CryCwXR+0=,tqqsRN4OgUgAeN9o2lCuglIoaxs=
-30,-5,XMbVSnu/lbN6goNtJ/CryCwXR+0=,lTy7KvFwnC3YoWOvDivukqXJnmo=
-31,-5,XMbVSnu/lbN6goNtJ/CryCwXR+0=,lTy7KvFwnC3YoWOvDivukqXJnmo=
-23,-7,dItjc4BL9VBntvCoJAf4H/drxAc=,7KoX4HPl7e3RMf47GQ/WIHTo0Zg=
-24,-7,dItjc4BL9VBntvCoJAf4H/drxAc=,7KoX4HPl7e3RMf47GQ/WIHTo0Zg=
-22,-6,dItjc4BL9VBntvCoJAf4H/drxAc=,7KoX4HPl7e3RMf47GQ/WIHTo0Zg=
-25,-6,dItjc4BL9VBntvCoJAf4H/drxAc=,QDh38KTQVfk5LAEyLZzn3D0E1qA=
-23,-6,dItjc4BL9VBntvCoJAf4H/drxAc=,7KoX4HPl7e3RMf47GQ/WIHTo0Zg=
-25,-7,dItjc4BL9VBntvCoJAf4H/drxAc=,QDh38KTQVfk5LAEyLZzn3D0E1qA=
-24,-6,dItjc4BL9VBntvCoJAf4H/drxAc=,7KoX4HPl7e3RMf47GQ/WIHTo0Zg=
-22,-7,dItjc4BL9VBntvCoJAf4H/drxAc=,7KoX4HPl7e3RMf47GQ/WIHTo0Zg=
-24,-5,dItjc4BL9VBntvCoJAf4H/drxAc=,7KoX4HPl7e3RMf47GQ/WIHTo0Zg=
-22,-2,XMbVSnu/lbN6goNtJ/CryCwXR+0=,gMCL65pV4vzxuCbT9sukVUhCtU0=
-23,-2,XMbVSnu/lbN6goNtJ/CryCwXR+0=,gMCL65pV4vzxuCbT9sukVUhCtU0=
-25,-4,XMbVSnu/lbN6goNtJ/CryCwXR+0=,jqRVNRK4DEqB9jzdvOsbvqwLx7g=
-23,-5,dItjc4BL9VBntvCoJAf4H/drxAc=,7KoX4HPl7e3RMf47GQ/WIHTo0Zg=
-24,-2,XMbVSnu/lbN6goNtJ/CryCwXR+0=,gMCL65pV4vzxuCbT9sukVUhCtU0=
-22,-5,dItjc4BL9VBntvCoJAf4H/drxAc=,7KoX4HPl7e3RMf47GQ/WIHTo0Zg=
-23,-3,XMbVSnu/lbN6goNtJ/CryCwXR+0=,gMCL65pV4vzxuCbT9sukVUhCtU0=
-25,-2,XMbVSnu/lbN6goNtJ/CryCwXR+0=,jqRVNRK4DEqB9jzdvOsbvqwLx7g=
-22,-3,XMbVSnu/lbN6goNtJ/CryCwXR+0=,gMCL65pV4vzxuCbT9sukVUhCtU0=
-25,-3,XMbVSnu/lbN6goNtJ/CryCwXR+0=,jqRVNRK4DEqB9jzdvOsbvqwLx7g=
-24,-3,XMbVSnu/lbN6goNtJ/CryCwXR+0=,gMCL65pV4vzxuCbT9sukVUhCtU0=
-25,-5,dItjc4BL9VBntvCoJAf4H/drxAc=,QDh38KTQVfk5LAEyLZzn3D0E1qA=
-23,-4,XMbVSnu/lbN6goNtJ/CryCwXR+0=,gMCL65pV4vzxuCbT9sukVUhCtU0=
-22,-4,XMbVSnu/lbN6goNtJ/CryCwXR+0=,gMCL65pV4vzxuCbT9sukVUhCtU0=
-24,-4,XMbVSnu/lbN6goNtJ/CryCwXR+0=,gMCL65pV4vzxuCbT9sukVUhCtU0=
-23,-11,dItjc4BL9VBntvCoJAf4H/drxAc=,c2X750DJbX2O8D7+qxQO9Jdsu9c=
-22,-11,dItjc4BL9VBntvCoJAf4H/drxAc=,c2X750DJbX2O8D7+qxQO9Jdsu9c=
-23,-10,dItjc4BL9VBntvCoJAf4H/drxAc=,c2X750DJbX2O8D7+qxQO9Jdsu9c=
-22,-10,dItjc4BL9VBntvCoJAf4H/drxAc=,c2X750DJbX2O8D7+qxQO9Jdsu9c=
-22,-9,dItjc4BL9VBntvCoJAf4H/drxAc=,c2X750DJbX2O8D7+qxQO9Jdsu9c=
-23,-9,dItjc4BL9VBntvCoJAf4H/drxAc=,c2X750DJbX2O8D7+qxQO9Jdsu9c=
-23,-8,dItjc4BL9VBntvCoJAf4H/drxAc=,7KoX4HPl7e3RMf47GQ/WIHTo0Zg=
-22,-8,dItjc4BL9VBntvCoJAf4H/drxAc=,7KoX4HPl7e3RMf47GQ/WIHTo0Zg=
-27,-11,dItjc4BL9VBntvCoJAf4H/drxAc=,RY4Z67Lpq2nQNMs4Vz1IdI0Opmk=
-24,-11,dItjc4BL9VBntvCoJAf4H/drxAc=,c2X750DJbX2O8D7+qxQO9Jdsu9c=
-26,-11,dItjc4BL9VBntvCoJAf4H/drxAc=,RY4Z67Lpq2nQNMs4Vz1IdI0Opmk=
-24,-8,dItjc4BL9VBntvCoJAf4H/drxAc=,7KoX4HPl7e3RMf47GQ/WIHTo0Zg=
-25,-11,dItjc4BL9VBntvCoJAf4H/drxAc=,RY4Z67Lpq2nQNMs4Vz1IdI0Opmk=
-25,-8,dItjc4BL9VBntvCoJAf4H/drxAc=,QDh38KTQVfk5LAEyLZzn3D0E1qA=
-24,-10,dItjc4BL9VBntvCoJAf4H/drxAc=,c2X750DJbX2O8D7+qxQO9Jdsu9c=
-26,-8,dItjc4BL9VBntvCoJAf4H/drxAc=,QDh38KTQVfk5LAEyLZzn3D0E1qA=
-27,-10,dItjc4BL9VBntvCoJAf4H/drxAc=,RY4Z67Lpq2nQNMs4Vz1IdI0Opmk=
-26,-10,dItjc4BL9VBntvCoJAf4H/drxAc=,RY4Z67Lpq2nQNMs4Vz1IdI0Opmk=
-25,-10,dItjc4BL9VBntvCoJAf4H/drxAc=,RY4Z67Lpq2nQNMs4Vz1IdI0Opmk=
-24,-9,dItjc4BL9VBntvCoJAf4H/drxAc=,c2X750DJbX2O8D7+qxQO9Jdsu9c=
-27,-9,dItjc4BL9VBntvCoJAf4H/drxAc=,RY4Z67Lpq2nQNMs4Vz1IdI0Opmk=
-26,-9,dItjc4BL9VBntvCoJAf4H/drxAc=,RY4Z67Lpq2nQNMs4Vz1IdI0Opmk=
-25,-9,dItjc4BL9VBntvCoJAf4H/drxAc=,RY4Z67Lpq2nQNMs4Vz1IdI0Opmk=
-27,-8,dItjc4BL9VBntvCoJAf4H/drxAc=,QDh38KTQVfk5LAEyLZzn3D0E1qA=
-21,-11,dItjc4BL9VBntvCoJAf4H/drxAc=,c2X750DJbX2O8D7+qxQO9Jdsu9c=
-21,-10,dItjc4BL9VBntvCoJAf4H/drxAc=,c2X750DJbX2O8D7+qxQO9Jdsu9c=
-20,-10,dItjc4BL9VBntvCoJAf4H/drxAc=,OlW0YALKZQkRcw/XSgqnXbzpKO8=
-20,-11,dItjc4BL9VBntvCoJAf4H/drxAc=,OlW0YALKZQkRcw/XSgqnXbzpKO8=
-18,-11,dItjc4BL9VBntvCoJAf4H/drxAc=,OlW0YALKZQkRcw/XSgqnXbzpKO8=
-18,-10,dItjc4BL9VBntvCoJAf4H/drxAc=,OlW0YALKZQkRcw/XSgqnXbzpKO8=
-19,-10,dItjc4BL9VBntvCoJAf4H/drxAc=,OlW0YALKZQkRcw/XSgqnXbzpKO8=
-19,-11,dItjc4BL9VBntvCoJAf4H/drxAc=,OlW0YALKZQkRcw/XSgqnXbzpKO8=
-19,-15,dItjc4BL9VBntvCoJAf4H/drxAc=,MGZR4MWCpoCAJ6N8UZG3e6BFVww=
-18,-12,dItjc4BL9VBntvCoJAf4H/drxAc=,OlW0YALKZQkRcw/XSgqnXbzpKO8=
-18,-14,dItjc4BL9VBntvCoJAf4H/drxAc=,MGZR4MWCpoCAJ6N8UZG3e6BFVww=
-19,-14,dItjc4BL9VBntvCoJAf4H/drxAc=,MGZR4MWCpoCAJ6N8UZG3e6BFVww=
-18,-13,dItjc4BL9VBntvCoJAf4H/drxAc=,MGZR4MWCpoCAJ6N8UZG3e6BFVww=
-19,-13,dItjc4BL9VBntvCoJAf4H/drxAc=,MGZR4MWCpoCAJ6N8UZG3e6BFVww=
-18,-15,dItjc4BL9VBntvCoJAf4H/drxAc=,MGZR4MWCpoCAJ6N8UZG3e6BFVww=
-19,-12,dItjc4BL9VBntvCoJAf4H/drxAc=,OlW0YALKZQkRcw/XSgqnXbzpKO8=
-20,-12,dItjc4BL9VBntvCoJAf4H/drxAc=,OlW0YALKZQkRcw/XSgqnXbzpKO8=
-20,-15,dItjc4BL9VBntvCoJAf4H/drxAc=,MGZR4MWCpoCAJ6N8UZG3e6BFVww=
-23,-12,dItjc4BL9VBntvCoJAf4H/drxAc=,c2X750DJbX2O8D7+qxQO9Jdsu9c=
-20,-14,dItjc4BL9VBntvCoJAf4H/drxAc=,MGZR4MWCpoCAJ6N8UZG3e6BFVww=
-22,-12,dItjc4BL9VBntvCoJAf4H/drxAc=,c2X750DJbX2O8D7+qxQO9Jdsu9c=
-21,-12,dItjc4BL9VBntvCoJAf4H/drxAc=,c2X750DJbX2O8D7+qxQO9Jdsu9c=
-20,-13,dItjc4BL9VBntvCoJAf4H/drxAc=,MGZR4MWCpoCAJ6N8UZG3e6BFVww=
-28,-11,dItjc4BL9VBntvCoJAf4H/drxAc=,RY4Z67Lpq2nQNMs4Vz1IdI0Opmk=
-28,-10,dItjc4BL9VBntvCoJAf4H/drxAc=,RY4Z67Lpq2nQNMs4Vz1IdI0Opmk=
-29,-10,dItjc4BL9VBntvCoJAf4H/drxAc=,a3ENUyWA9XxnyRDrcYmUJHL/atY=
-30,-10,dItjc4BL9VBntvCoJAf4H/drxAc=,a3ENUyWA9XxnyRDrcYmUJHL/atY=
-30,-8,XMbVSnu/lbN6goNtJ/CryCwXR+0=,lTy7KvFwnC3YoWOvDivukqXJnmo=
-29,-9,dItjc4BL9VBntvCoJAf4H/drxAc=,a3ENUyWA9XxnyRDrcYmUJHL/atY=
-31,-10,dItjc4BL9VBntvCoJAf4H/drxAc=,a3ENUyWA9XxnyRDrcYmUJHL/atY=
-30,-9,dItjc4BL9VBntvCoJAf4H/drxAc=,a3ENUyWA9XxnyRDrcYmUJHL/atY=
-29,-11,dItjc4BL9VBntvCoJAf4H/drxAc=,a3ENUyWA9XxnyRDrcYmUJHL/atY=
-29,-8,XMbVSnu/lbN6goNtJ/CryCwXR+0=,lTy7KvFwnC3YoWOvDivukqXJnmo=
-30,-11,dItjc4BL9VBntvCoJAf4H/drxAc=,a3ENUyWA9XxnyRDrcYmUJHL/atY=
-31,-11,dItjc4BL9VBntvCoJAf4H/drxAc=,a3ENUyWA9XxnyRDrcYmUJHL/atY=
-31,-9,dItjc4BL9VBntvCoJAf4H/drxAc=,a3ENUyWA9XxnyRDrcYmUJHL/atY=
-31,-8,XMbVSnu/lbN6goNtJ/CryCwXR+0=,lTy7KvFwnC3YoWOvDivukqXJnmo=
-28,-9,dItjc4BL9VBntvCoJAf4H/drxAc=,RY4Z67Lpq2nQNMs4Vz1IdI0Opmk=
-28,-8,dItjc4BL9VBntvCoJAf4H/drxAc=,QDh38KTQVfk5LAEyLZzn3D0E1qA=
-17,-10,dItjc4BL9VBntvCoJAf4H/drxAc=,OlW0YALKZQkRcw/XSgqnXbzpKO8=
-17,-15,dItjc4BL9VBntvCoJAf4H/drxAc=,MGZR4MWCpoCAJ6N8UZG3e6BFVww=
-17,-14,dItjc4BL9VBntvCoJAf4H/drxAc=,MGZR4MWCpoCAJ6N8UZG3e6BFVww=
-17,-12,dItjc4BL9VBntvCoJAf4H/drxAc=,OlW0YALKZQkRcw/XSgqnXbzpKO8=
-17,-13,dItjc4BL9VBntvCoJAf4H/drxAc=,MGZR4MWCpoCAJ6N8UZG3e6BFVww=
-17,-11,dItjc4BL9VBntvCoJAf4H/drxAc=,OlW0YALKZQkRcw/XSgqnXbzpKO8=
-27,-1,XMbVSnu/lbN6goNtJ/CryCwXR+0=,jqRVNRK4DEqB9jzdvOsbvqwLx7g=
-26,-1,XMbVSnu/lbN6goNtJ/CryCwXR+0=,jqRVNRK4DEqB9jzdvOsbvqwLx7g=
-24,-1,XMbVSnu/lbN6goNtJ/CryCwXR+0=,gMCL65pV4vzxuCbT9sukVUhCtU0=
-25,-1,XMbVSnu/lbN6goNtJ/CryCwXR+0=,jqRVNRK4DEqB9jzdvOsbvqwLx7g=
-22,-1,XMbVSnu/lbN6goNtJ/CryCwXR+0=,gMCL65pV4vzxuCbT9sukVUhCtU0=
-23,-1,XMbVSnu/lbN6goNtJ/CryCwXR+0=,gMCL65pV4vzxuCbT9sukVUhCtU0=
-31,-1,XMbVSnu/lbN6goNtJ/CryCwXR+0=,tqqsRN4OgUgAeN9o2lCuglIoaxs=
-28,-1,XMbVSnu/lbN6goNtJ/CryCwXR+0=,jqRVNRK4DEqB9jzdvOsbvqwLx7g=
-29,-1,XMbVSnu/lbN6goNtJ/CryCwXR+0=,tqqsRN4OgUgAeN9o2lCuglIoaxs=
-30,-1,XMbVSnu/lbN6goNtJ/CryCwXR+0=,tqqsRN4OgUgAeN9o2lCuglIoaxs=
-32,-4,XMbVSnu/lbN6goNtJ/CryCwXR+0=,tqqsRN4OgUgAeN9o2lCuglIoaxs=
-32,-3,XMbVSnu/lbN6goNtJ/CryCwXR+0=,tqqsRN4OgUgAeN9o2lCuglIoaxs=
-32,-7,XMbVSnu/lbN6goNtJ/CryCwXR+0=,lTy7KvFwnC3YoWOvDivukqXJnmo=
-31,-12,dItjc4BL9VBntvCoJAf4H/drxAc=,a3ENUyWA9XxnyRDrcYmUJHL/atY=
-30,-12,dItjc4BL9VBntvCoJAf4H/drxAc=,a3ENUyWA9XxnyRDrcYmUJHL/atY=
-29,-12,dItjc4BL9VBntvCoJAf4H/drxAc=,a3ENUyWA9XxnyRDrcYmUJHL/atY=
-24,-12,dItjc4BL9VBntvCoJAf4H/drxAc=,c2X750DJbX2O8D7+qxQO9Jdsu9c=
-28,-12,dItjc4BL9VBntvCoJAf4H/drxAc=,RY4Z67Lpq2nQNMs4Vz1IdI0Opmk=
-27,-12,dItjc4BL9VBntvCoJAf4H/drxAc=,RY4Z67Lpq2nQNMs4Vz1IdI0Opmk=
-26,-12,dItjc4BL9VBntvCoJAf4H/drxAc=,RY4Z67Lpq2nQNMs4Vz1IdI0Opmk=
-25,-12,dItjc4BL9VBntvCoJAf4H/drxAc=,RY4Z67Lpq2nQNMs4Vz1IdI0Opmk=
-19,-16,dItjc4BL9VBntvCoJAf4H/drxAc=,MGZR4MWCpoCAJ6N8UZG3e6BFVww=
-18,-16,dItjc4BL9VBntvCoJAf4H/drxAc=,MGZR4MWCpoCAJ6N8UZG3e6BFVww=
-17,-16,dItjc4BL9VBntvCoJAf4H/drxAc=,MGZR4MWCpoCAJ6N8UZG3e6BFVww=
-20,-16,dItjc4BL9VBntvCoJAf4H/drxAc=,MGZR4MWCpoCAJ6N8UZG3e6BFVww=
-32,-5,XMbVSnu/lbN6goNtJ/CryCwXR+0=,lTy7KvFwnC3YoWOvDivukqXJnmo=
-32,-6,XMbVSnu/lbN6goNtJ/CryCwXR+0=,lTy7KvFwnC3YoWOvDivukqXJnmo=
-32,-9,dItjc4BL9VBntvCoJAf4H/drxAc=,a3ENUyWA9XxnyRDrcYmUJHL/atY=
-32,-12,dItjc4BL9VBntvCoJAf4H/drxAc=,a3ENUyWA9XxnyRDrcYmUJHL/atY=
-32,-11,dItjc4BL9VBntvCoJAf4H/drxAc=,a3ENUyWA9XxnyRDrcYmUJHL/atY=
-32,-10,dItjc4BL9VBntvCoJAf4H/drxAc=,a3ENUyWA9XxnyRDrcYmUJHL/atY=
-32,-2,XMbVSnu/lbN6goNtJ/CryCwXR+0=,tqqsRN4OgUgAeN9o2lCuglIoaxs=
-32,-8,XMbVSnu/lbN6goNtJ/CryCwXR+0=,lTy7KvFwnC3YoWOvDivukqXJnmo=
-32,-1,XMbVSnu/lbN6goNtJ/CryCwXR+0=,tqqsRN4OgUgAeN9o2lCuglIoaxs=
-19,-8,dItjc4BL9VBntvCoJAf4H/drxAc=,JO25T8BHtSYDRMCU5s6KbhBBPF4=
-19,-9,dItjc4BL9VBntvCoJAf4H/drxAc=,OlW0YALKZQkRcw/XSgqnXbzpKO8=
-21,-6,dItjc4BL9VBntvCoJAf4H/drxAc=,7KoX4HPl7e3RMf47GQ/WIHTo0Zg=
-20,-8,dItjc4BL9VBntvCoJAf4H/drxAc=,JO25T8BHtSYDRMCU5s6KbhBBPF4=
-20,-9,dItjc4BL9VBntvCoJAf4H/drxAc=,OlW0YALKZQkRcw/XSgqnXbzpKO8=
-21,-9,dItjc4BL9VBntvCoJAf4H/drxAc=,c2X750DJbX2O8D7+qxQO9Jdsu9c=
-18,-7,dItjc4BL9VBntvCoJAf4H/drxAc=,JO25T8BHtSYDRMCU5s6KbhBBPF4=
-21,-8,dItjc4BL9VBntvCoJAf4H/drxAc=,7KoX4HPl7e3RMf47GQ/WIHTo0Zg=
-20,-7,dItjc4BL9VBntvCoJAf4H/drxAc=,JO25T8BHtSYDRMCU5s6KbhBBPF4=
-17,-6,dItjc4BL9VBntvCoJAf4H/drxAc=,JO25T8BHtSYDRMCU5s6KbhBBPF4=
-18,-6,dItjc4BL9VBntvCoJAf4H/drxAc=,JO25T8BHtSYDRMCU5s6KbhBBPF4=
-21,-7,dItjc4BL9VBntvCoJAf4H/drxAc=,7KoX4HPl7e3RMf47GQ/WIHTo0Zg=
-18,-8,dItjc4BL9VBntvCoJAf4H/drxAc=,JO25T8BHtSYDRMCU5s6KbhBBPF4=
-17,-8,dItjc4BL9VBntvCoJAf4H/drxAc=,JO25T8BHtSYDRMCU5s6KbhBBPF4=
-18,-9,dItjc4BL9VBntvCoJAf4H/drxAc=,OlW0YALKZQkRcw/XSgqnXbzpKO8=
-19,-7,dItjc4BL9VBntvCoJAf4H/drxAc=,JO25T8BHtSYDRMCU5s6KbhBBPF4=
-17,-9,dItjc4BL9VBntvCoJAf4H/drxAc=,OlW0YALKZQkRcw/XSgqnXbzpKO8=
-19,-6,dItjc4BL9VBntvCoJAf4H/drxAc=,JO25T8BHtSYDRMCU5s6KbhBBPF4=
-20,-6,dItjc4BL9VBntvCoJAf4H/drxAc=,JO25T8BHtSYDRMCU5s6KbhBBPF4=
-17,-7,dItjc4BL9VBntvCoJAf4H/drxAc=,JO25T8BHtSYDRMCU5s6KbhBBPF4=
-20,-4,dItjc4BL9VBntvCoJAf4H/drxAc=,aDNmcrmvDQx8h2PsncChIgcCZIA=
-18,-5,dItjc4BL9VBntvCoJAf4H/drxAc=,JO25T8BHtSYDRMCU5s6KbhBBPF4=
-17,-1,dItjc4BL9VBntvCoJAf4H/drxAc=,aDNmcrmvDQx8h2PsncChIgcCZIA=
-21,-3,XMbVSnu/lbN6goNtJ/CryCwXR+0=,gMCL65pV4vzxuCbT9sukVUhCtU0=
-18,-1,dItjc4BL9VBntvCoJAf4H/drxAc=,aDNmcrmvDQx8h2PsncChIgcCZIA=
-17,-2,dItjc4BL9VBntvCoJAf4H/drxAc=,aDNmcrmvDQx8h2PsncChIgcCZIA=
-18,-2,dItjc4BL9VBntvCoJAf4H/drxAc=,aDNmcrmvDQx8h2PsncChIgcCZIA=
-19,-1,dItjc4BL9VBntvCoJAf4H/drxAc=,aDNmcrmvDQx8h2PsncChIgcCZIA=
-17,-3,dItjc4BL9VBntvCoJAf4H/drxAc=,aDNmcrmvDQx8h2PsncChIgcCZIA=
-20,-1,dItjc4BL9VBntvCoJAf4H/drxAc=,aDNmcrmvDQx8h2PsncChIgcCZIA=
-19,-2,dItjc4BL9VBntvCoJAf4H/drxAc=,aDNmcrmvDQx8h2PsncChIgcCZIA=
-20,-2,dItjc4BL9VBntvCoJAf4H/drxAc=,aDNmcrmvDQx8h2PsncChIgcCZIA=
-18,-3,dItjc4BL9VBntvCoJAf4H/drxAc=,aDNmcrmvDQx8h2PsncChIgcCZIA=
-19,-5,dItjc4BL9VBntvCoJAf4H/drxAc=,JO25T8BHtSYDRMCU5s6KbhBBPF4=
-20,-5,dItjc4BL9VBntvCoJAf4H/drxAc=,JO25T8BHtSYDRMCU5s6KbhBBPF4=
-18,-4,dItjc4BL9VBntvCoJAf4H/drxAc=,aDNmcrmvDQx8h2PsncChIgcCZIA=
-21,-1,XMbVSnu/lbN6goNtJ/CryCwXR+0=,gMCL65pV4vzxuCbT9sukVUhCtU0=
-21,-4,XMbVSnu/lbN6goNtJ/CryCwXR+0=,gMCL65pV4vzxuCbT9sukVUhCtU0=
-17,-5,dItjc4BL9VBntvCoJAf4H/drxAc=,JO25T8BHtSYDRMCU5s6KbhBBPF4=
-21,-5,dItjc4BL9VBntvCoJAf4H/drxAc=,7KoX4HPl7e3RMf47GQ/WIHTo0Zg=
-21,-2,XMbVSnu/lbN6goNtJ/CryCwXR+0=,gMCL65pV4vzxuCbT9sukVUhCtU0=
-20,-3,dItjc4BL9VBntvCoJAf4H/drxAc=,aDNmcrmvDQx8h2PsncChIgcCZIA=
-19,-4,dItjc4BL9VBntvCoJAf4H/drxAc=,aDNmcrmvDQx8h2PsncChIgcCZIA=
-19,-3,dItjc4BL9VBntvCoJAf4H/drxAc=,aDNmcrmvDQx8h2PsncChIgcCZIA=
-17,-4,dItjc4BL9VBntvCoJAf4H/drxAc=,aDNmcrmvDQx8h2PsncChIgcCZIA=
