169,97,Ksbn5kWSf30dMHNfj6++7ZKkZgc=,EbudnL4sFBPf39gNjOjGgS9eVi8=
174,102,Ksbn5kWSf30dMHNfj6++7ZKkZgc=,EbudnL4sFBPf39gNjOjGgS9eVi8=
173,102,Ksbn5kWSf30dMHNfj6++7ZKkZgc=,EbudnL4sFBPf39gNjOjGgS9eVi8=
172,102,Ksbn5kWSf30dMHNfj6++7ZKkZgc=,EbudnL4sFBPf39gNjOjGgS9eVi8=
171,102,Ksbn5kWSf30dMHNfj6++7ZKkZgc=,EbudnL4sFBPf39gNjOjGgS9eVi8=
170,102,Ksbn5kWSf30dMHNfj6++7ZKkZgc=,EbudnL4sFBPf39gNjOjGgS9eVi8=
174,101,Ksbn5kWSf30dMHNfj6++7ZKkZgc=,EbudnL4sFBPf39gNjOjGgS9eVi8=
169,102,Ksbn5kWSf30dMHNfj6++7ZKkZgc=,EbudnL4sFBPf39gNjOjGgS9eVi8=
173,101,Ksbn5kWSf30dMHNfj6++7ZKkZgc=,EbudnL4sFBPf39gNjOjGgS9eVi8=
172,101,Ksbn5kWSf30dMHNfj6++7ZKkZgc=,EbudnL4sFBPf39gNjOjGgS9eVi8=
171,101,Ksbn5kWSf30dMHNfj6++7ZKkZgc=,EbudnL4sFBPf39gNjOjGgS9eVi8=
170,101,Ksbn5kWSf30dMHNfj6++7ZKkZgc=,EbudnL4sFBPf39gNjOjGgS9eVi8=
174,100,Ksbn5kWSf30dMHNfj6++7ZKkZgc=,EbudnL4sFBPf39gNjOjGgS9eVi8=
169,101,Ksbn5kWSf30dMHNfj6++7ZKkZgc=,EbudnL4sFBPf39gNjOjGgS9eVi8=
173,100,Ksbn5kWSf30dMHNfj6++7ZKkZgc=,EbudnL4sFBPf39gNjOjGgS9eVi8=
172,100,Ksbn5kWSf30dMHNfj6++7ZKkZgc=,EbudnL4sFBPf39gNjOjGgS9eVi8=
171,100,Ksbn5kWSf30dMHNfj6++7ZKkZgc=,EbudnL4sFBPf39gNjOjGgS9eVi8=
170,100,Ksbn5kWSf30dMHNfj6++7ZKkZgc=,EbudnL4sFBPf39gNjOjGgS9eVi8=
169,100,Ksbn5kWSf30dMHNfj6++7ZKkZgc=,EbudnL4sFBPf39gNjOjGgS9eVi8=
174,99,Ksbn5kWSf30dMHNfj6++7ZKkZgc=,EbudnL4sFBPf39gNjOjGgS9eVi8=
172,99,Ksbn5kWSf30dMHNfj6++7ZKkZgc=,EbudnL4sFBPf39gNjOjGgS9eVi8=
173,99,Ksbn5kWSf30dMHNfj6++7ZKkZgc=,EbudnL4sFBPf39gNjOjGgS9eVi8=
171,99,Ksbn5kWSf30dMHNfj6++7ZKkZgc=,EbudnL4sFBPf39gNjOjGgS9eVi8=
170,99,Ksbn5kWSf30dMHNfj6++7ZKkZgc=,EbudnL4sFBPf39gNjOjGgS9eVi8=
169,99,Ksbn5kWSf30dMHNfj6++7ZKkZgc=,EbudnL4sFBPf39gNjOjGgS9eVi8=
173,98,Ksbn5kWSf30dMHNfj6++7ZKkZgc=,EbudnL4sFBPf39gNjOjGgS9eVi8=
174,98,Ksbn5kWSf30dMHNfj6++7ZKkZgc=,EbudnL4sFBPf39gNjOjGgS9eVi8=
172,98,Ksbn5kWSf30dMHNfj6++7ZKkZgc=,EbudnL4sFBPf39gNjOjGgS9eVi8=
170,98,Ksbn5kWSf30dMHNfj6++7ZKkZgc=,EbudnL4sFBPf39gNjOjGgS9eVi8=
171,98,Ksbn5kWSf30dMHNfj6++7ZKkZgc=,EbudnL4sFBPf39gNjOjGgS9eVi8=
169,98,Ksbn5kWSf30dMHNfj6++7ZKkZgc=,EbudnL4sFBPf39gNjOjGgS9eVi8=
174,97,Ksbn5kWSf30dMHNfj6++7ZKkZgc=,EbudnL4sFBPf39gNjOjGgS9eVi8=
173,97,Ksbn5kWSf30dMHNfj6++7ZKkZgc=,EbudnL4sFBPf39gNjOjGgS9eVi8=
172,97,Ksbn5kWSf30dMHNfj6++7ZKkZgc=,EbudnL4sFBPf39gNjOjGgS9eVi8=
171,97,Ksbn5kWSf30dMHNfj6++7ZKkZgc=,EbudnL4sFBPf39gNjOjGgS9eVi8=
170,97,Ksbn5kWSf30dMHNfj6++7ZKkZgc=,EbudnL4sFBPf39gNjOjGgS9eVi8=
169,96,Ksbn5kWSf30dMHNfj6++7ZKkZgc=,EbudnL4sFBPf39gNjOjGgS9eVi8=
170,96,Ksbn5kWSf30dMHNfj6++7ZKkZgc=,EbudnL4sFBPf39gNjOjGgS9eVi8=
171,96,Ksbn5kWSf30dMHNfj6++7ZKkZgc=,EbudnL4sFBPf39gNjOjGgS9eVi8=
172,96,Ksbn5kWSf30dMHNfj6++7ZKkZgc=,EbudnL4sFBPf39gNjOjGgS9eVi8=
173,96,Ksbn5kWSf30dMHNfj6++7ZKkZgc=,EbudnL4sFBPf39gNjOjGgS9eVi8=
174,96,Ksbn5kWSf30dMHNfj6++7ZKkZgc=,EbudnL4sFBPf39gNjOjGgS9eVi8=
167,97,Ksbn5kWSf30dMHNfj6++7ZKkZgc=,qk1/y7iebQFEKE/C/C2k3A/TfvM=
168,97,Ksbn5kWSf30dMHNfj6++7ZKkZgc=,EbudnL4sFBPf39gNjOjGgS9eVi8=
162,99,Ksbn5kWSf30dMHNfj6++7ZKkZgc=,qk1/y7iebQFEKE/C/C2k3A/TfvM=
166,102,Ksbn5kWSf30dMHNfj6++7ZKkZgc=,qk1/y7iebQFEKE/C/C2k3A/TfvM=
166,101,Ksbn5kWSf30dMHNfj6++7ZKkZgc=,qk1/y7iebQFEKE/C/C2k3A/TfvM=
167,101,Ksbn5kWSf30dMHNfj6++7ZKkZgc=,qk1/y7iebQFEKE/C/C2k3A/TfvM=
168,98,Ksbn5kWSf30dMHNfj6++7ZKkZgc=,EbudnL4sFBPf39gNjOjGgS9eVi8=
167,102,Ksbn5kWSf30dMHNfj6++7ZKkZgc=,qk1/y7iebQFEKE/C/C2k3A/TfvM=
165,100,Ksbn5kWSf30dMHNfj6++7ZKkZgc=,qk1/y7iebQFEKE/C/C2k3A/TfvM=
166,100,Ksbn5kWSf30dMHNfj6++7ZKkZgc=,qk1/y7iebQFEKE/C/C2k3A/TfvM=
165,99,Ksbn5kWSf30dMHNfj6++7ZKkZgc=,qk1/y7iebQFEKE/C/C2k3A/TfvM=
166,99,Ksbn5kWSf30dMHNfj6++7ZKkZgc=,qk1/y7iebQFEKE/C/C2k3A/TfvM=
168,99,Ksbn5kWSf30dMHNfj6++7ZKkZgc=,EbudnL4sFBPf39gNjOjGgS9eVi8=
167,99,Ksbn5kWSf30dMHNfj6++7ZKkZgc=,qk1/y7iebQFEKE/C/C2k3A/TfvM=
167,100,Ksbn5kWSf30dMHNfj6++7ZKkZgc=,qk1/y7iebQFEKE/C/C2k3A/TfvM=
161,98,Ksbn5kWSf30dMHNfj6++7ZKkZgc=,qk1/y7iebQFEKE/C/C2k3A/TfvM=
161,100,Ksbn5kWSf30dMHNfj6++7ZKkZgc=,qk1/y7iebQFEKE/C/C2k3A/TfvM=
162,98,Ksbn5kWSf30dMHNfj6++7ZKkZgc=,qk1/y7iebQFEKE/C/C2k3A/TfvM=
168,100,Ksbn5kWSf30dMHNfj6++7ZKkZgc=,EbudnL4sFBPf39gNjOjGgS9eVi8=
166,98,Ksbn5kWSf30dMHNfj6++7ZKkZgc=,qk1/y7iebQFEKE/C/C2k3A/TfvM=
167,98,Ksbn5kWSf30dMHNfj6++7ZKkZgc=,qk1/y7iebQFEKE/C/C2k3A/TfvM=
168,101,Ksbn5kWSf30dMHNfj6++7ZKkZgc=,EbudnL4sFBPf39gNjOjGgS9eVi8=
161,99,Ksbn5kWSf30dMHNfj6++7ZKkZgc=,qk1/y7iebQFEKE/C/C2k3A/TfvM=
165,102,Ksbn5kWSf30dMHNfj6++7ZKkZgc=,qk1/y7iebQFEKE/C/C2k3A/TfvM=
161,97,Ksbn5kWSf30dMHNfj6++7ZKkZgc=,qk1/y7iebQFEKE/C/C2k3A/TfvM=
166,97,Ksbn5kWSf30dMHNfj6++7ZKkZgc=,qk1/y7iebQFEKE/C/C2k3A/TfvM=
162,97,Ksbn5kWSf30dMHNfj6++7ZKkZgc=,qk1/y7iebQFEKE/C/C2k3A/TfvM=
163,101,Ksbn5kWSf30dMHNfj6++7ZKkZgc=,qk1/y7iebQFEKE/C/C2k3A/TfvM=
168,102,Ksbn5kWSf30dMHNfj6++7ZKkZgc=,EbudnL4sFBPf39gNjOjGgS9eVi8=
165,101,Ksbn5kWSf30dMHNfj6++7ZKkZgc=,qk1/y7iebQFEKE/C/C2k3A/TfvM=
175,97,Ksbn5kWSf30dMHNfj6++7ZKkZgc=,EbudnL4sFBPf39gNjOjGgS9eVi8=
175,98,Ksbn5kWSf30dMHNfj6++7ZKkZgc=,EbudnL4sFBPf39gNjOjGgS9eVi8=
175,102,Ksbn5kWSf30dMHNfj6++7ZKkZgc=,EbudnL4sFBPf39gNjOjGgS9eVi8=
175,101,Ksbn5kWSf30dMHNfj6++7ZKkZgc=,EbudnL4sFBPf39gNjOjGgS9eVi8=
175,100,Ksbn5kWSf30dMHNfj6++7ZKkZgc=,EbudnL4sFBPf39gNjOjGgS9eVi8=
175,99,Ksbn5kWSf30dMHNfj6++7ZKkZgc=,EbudnL4sFBPf39gNjOjGgS9eVi8=
160,98,Ksbn5kWSf30dMHNfj6++7ZKkZgc=,qk1/y7iebQFEKE/C/C2k3A/TfvM=
160,102,Ksbn5kWSf30dMHNfj6++7ZKkZgc=,qk1/y7iebQFEKE/C/C2k3A/TfvM=
160,100,Ksbn5kWSf30dMHNfj6++7ZKkZgc=,qk1/y7iebQFEKE/C/C2k3A/TfvM=
160,101,Ksbn5kWSf30dMHNfj6++7ZKkZgc=,qk1/y7iebQFEKE/C/C2k3A/TfvM=
160,99,Ksbn5kWSf30dMHNfj6++7ZKkZgc=,qk1/y7iebQFEKE/C/C2k3A/TfvM=
160,97,Ksbn5kWSf30dMHNfj6++7ZKkZgc=,qk1/y7iebQFEKE/C/C2k3A/TfvM=
175,96,Ksbn5kWSf30dMHNfj6++7ZKkZgc=,EbudnL4sFBPf39gNjOjGgS9eVi8=
167,96,Ksbn5kWSf30dMHNfj6++7ZKkZgc=,qk1/y7iebQFEKE/C/C2k3A/TfvM=
166,96,Ksbn5kWSf30dMHNfj6++7ZKkZgc=,qk1/y7iebQFEKE/C/C2k3A/TfvM=
161,96,Ksbn5kWSf30dMHNfj6++7ZKkZgc=,qk1/y7iebQFEKE/C/C2k3A/TfvM=
168,96,Ksbn5kWSf30dMHNfj6++7ZKkZgc=,EbudnL4sFBPf39gNjOjGgS9eVi8=
162,96,Ksbn5kWSf30dMHNfj6++7ZKkZgc=,qk1/y7iebQFEKE/C/C2k3A/TfvM=
160,96,Ksbn5kWSf30dMHNfj6++7ZKkZgc=,qk1/y7iebQFEKE/C/C2k3A/TfvM=
165,98,Ksbn5kWSf30dMHNfj6++7ZKkZgc=,qk1/y7iebQFEKE/C/C2k3A/TfvM=
165,97,Ksbn5kWSf30dMHNfj6++7ZKkZgc=,qk1/y7iebQFEKE/C/C2k3A/TfvM=
163,98,Ksbn5kWSf30dMHNfj6++7ZKkZgc=,qk1/y7iebQFEKE/C/C2k3A/TfvM=
163,97,Ksbn5kWSf30dMHNfj6++7ZKkZgc=,qk1/y7iebQFEKE/C/C2k3A/TfvM=
163,96,Ksbn5kWSf30dMHNfj6++7ZKkZgc=,qk1/y7iebQFEKE/C/C2k3A/TfvM=
164,99,Ksbn5kWSf30dMHNfj6++7ZKkZgc=,qk1/y7iebQFEKE/C/C2k3A/TfvM=
165,96,Ksbn5kWSf30dMHNfj6++7ZKkZgc=,qk1/y7iebQFEKE/C/C2k3A/TfvM=
164,96,Ksbn5kWSf30dMHNfj6++7ZKkZgc=,qk1/y7iebQFEKE/C/C2k3A/TfvM=
160,106,Ksbn5kWSf30dMHNfj6++7ZKkZgc=,sqjy4mz+eWqzAvkd788kDffdbm0=
161,106,Ksbn5kWSf30dMHNfj6++7ZKkZgc=,sqjy4mz+eWqzAvkd788kDffdbm0=
165,106,Ksbn5kWSf30dMHNfj6++7ZKkZgc=,sqjy4mz+eWqzAvkd788kDffdbm0=
166,106,Ksbn5kWSf30dMHNfj6++7ZKkZgc=,sqjy4mz+eWqzAvkd788kDffdbm0=
160,107,Ksbn5kWSf30dMHNfj6++7ZKkZgc=,sqjy4mz+eWqzAvkd788kDffdbm0=
160,104,Ksbn5kWSf30dMHNfj6++7ZKkZgc=,sqjy4mz+eWqzAvkd788kDffdbm0=
161,107,Ksbn5kWSf30dMHNfj6++7ZKkZgc=,sqjy4mz+eWqzAvkd788kDffdbm0=
160,103,Ksbn5kWSf30dMHNfj6++7ZKkZgc=,qk1/y7iebQFEKE/C/C2k3A/TfvM=
166,107,Ksbn5kWSf30dMHNfj6++7ZKkZgc=,sqjy4mz+eWqzAvkd788kDffdbm0=
160,108,Ksbn5kWSf30dMHNfj6++7ZKkZgc=,sqjy4mz+eWqzAvkd788kDffdbm0=
161,108,Ksbn5kWSf30dMHNfj6++7ZKkZgc=,sqjy4mz+eWqzAvkd788kDffdbm0=
160,105,R4nl3YlFDCQCJKOs9gd5tB+tCKo=,sqjy4mz+eWqzAvkd788kDffdbm0=
164,97,R4nl3YlFDCQCJKOs9gd5tB+tCKo=,qk1/y7iebQFEKE/C/C2k3A/TfvM=
166,105,R4nl3YlFDCQCJKOs9gd5tB+tCKo=,sqjy4mz+eWqzAvkd788kDffdbm0=
166,104,R4nl3YlFDCQCJKOs9gd5tB+tCKo=,sqjy4mz+eWqzAvkd788kDffdbm0=
161,105,R4nl3YlFDCQCJKOs9gd5tB+tCKo=,sqjy4mz+eWqzAvkd788kDffdbm0=
165,104,R4nl3YlFDCQCJKOs9gd5tB+tCKo=,sqjy4mz+eWqzAvkd788kDffdbm0=
166,103,R4nl3YlFDCQCJKOs9gd5tB+tCKo=,qk1/y7iebQFEKE/C/C2k3A/TfvM=
161,111,R4nl3YlFDCQCJKOs9gd5tB+tCKo=,sqjy4mz+eWqzAvkd788kDffdbm0=
160,111,R4nl3YlFDCQCJKOs9gd5tB+tCKo=,sqjy4mz+eWqzAvkd788kDffdbm0=
165,103,R4nl3YlFDCQCJKOs9gd5tB+tCKo=,qk1/y7iebQFEKE/C/C2k3A/TfvM=
161,110,R4nl3YlFDCQCJKOs9gd5tB+tCKo=,sqjy4mz+eWqzAvkd788kDffdbm0=
160,110,R4nl3YlFDCQCJKOs9gd5tB+tCKo=,sqjy4mz+eWqzAvkd788kDffdbm0=
161,109,R4nl3YlFDCQCJKOs9gd5tB+tCKo=,sqjy4mz+eWqzAvkd788kDffdbm0=
160,109,R4nl3YlFDCQCJKOs9gd5tB+tCKo=,sqjy4mz+eWqzAvkd788kDffdbm0=
163,103,R4nl3YlFDCQCJKOs9gd5tB+tCKo=,qk1/y7iebQFEKE/C/C2k3A/TfvM=
161,101,R4nl3YlFDCQCJKOs9gd5tB+tCKo=,qk1/y7iebQFEKE/C/C2k3A/TfvM=
162,102,R4nl3YlFDCQCJKOs9gd5tB+tCKo=,qk1/y7iebQFEKE/C/C2k3A/TfvM=
162,100,R4nl3YlFDCQCJKOs9gd5tB+tCKo=,qk1/y7iebQFEKE/C/C2k3A/TfvM=
162,101,R4nl3YlFDCQCJKOs9gd5tB+tCKo=,qk1/y7iebQFEKE/C/C2k3A/TfvM=
161,104,R4nl3YlFDCQCJKOs9gd5tB+tCKo=,sqjy4mz+eWqzAvkd788kDffdbm0=
163,102,R4nl3YlFDCQCJKOs9gd5tB+tCKo=,qk1/y7iebQFEKE/C/C2k3A/TfvM=
162,106,R4nl3YlFDCQCJKOs9gd5tB+tCKo=,sqjy4mz+eWqzAvkd788kDffdbm0=
162,103,R4nl3YlFDCQCJKOs9gd5tB+tCKo=,qk1/y7iebQFEKE/C/C2k3A/TfvM=
163,109,R4nl3YlFDCQCJKOs9gd5tB+tCKo=,sqjy4mz+eWqzAvkd788kDffdbm0=
164,98,R4nl3YlFDCQCJKOs9gd5tB+tCKo=,qk1/y7iebQFEKE/C/C2k3A/TfvM=
162,108,R4nl3YlFDCQCJKOs9gd5tB+tCKo=,sqjy4mz+eWqzAvkd788kDffdbm0=
161,102,R4nl3YlFDCQCJKOs9gd5tB+tCKo=,qk1/y7iebQFEKE/C/C2k3A/TfvM=
162,104,R4nl3YlFDCQCJKOs9gd5tB+tCKo=,sqjy4mz+eWqzAvkd788kDffdbm0=
162,109,R4nl3YlFDCQCJKOs9gd5tB+tCKo=,sqjy4mz+eWqzAvkd788kDffdbm0=
163,108,R4nl3YlFDCQCJKOs9gd5tB+tCKo=,sqjy4mz+eWqzAvkd788kDffdbm0=
163,99,R4nl3YlFDCQCJKOs9gd5tB+tCKo=,qk1/y7iebQFEKE/C/C2k3A/TfvM=
163,104,R4nl3YlFDCQCJKOs9gd5tB+tCKo=,sqjy4mz+eWqzAvkd788kDffdbm0=
162,110,R4nl3YlFDCQCJKOs9gd5tB+tCKo=,sqjy4mz+eWqzAvkd788kDffdbm0=
161,103,R4nl3YlFDCQCJKOs9gd5tB+tCKo=,qk1/y7iebQFEKE/C/C2k3A/TfvM=
162,105,R4nl3YlFDCQCJKOs9gd5tB+tCKo=,sqjy4mz+eWqzAvkd788kDffdbm0=
162,107,R4nl3YlFDCQCJKOs9gd5tB+tCKo=,sqjy4mz+eWqzAvkd788kDffdbm0=
163,110,R4nl3YlFDCQCJKOs9gd5tB+tCKo=,sqjy4mz+eWqzAvkd788kDffdbm0=
162,111,R4nl3YlFDCQCJKOs9gd5tB+tCKo=,sqjy4mz+eWqzAvkd788kDffdbm0=
163,106,R4nl3YlFDCQCJKOs9gd5tB+tCKo=,sqjy4mz+eWqzAvkd788kDffdbm0=
163,100,R4nl3YlFDCQCJKOs9gd5tB+tCKo=,qk1/y7iebQFEKE/C/C2k3A/TfvM=
171,103,R4nl3YlFDCQCJKOs9gd5tB+tCKo=,EbudnL4sFBPf39gNjOjGgS9eVi8=
170,103,R4nl3YlFDCQCJKOs9gd5tB+tCKo=,EbudnL4sFBPf39gNjOjGgS9eVi8=
172,103,R4nl3YlFDCQCJKOs9gd5tB+tCKo=,EbudnL4sFBPf39gNjOjGgS9eVi8=
169,106,R4nl3YlFDCQCJKOs9gd5tB+tCKo=,+0aXevPTltsSv4BYPbcgXNpWB/A=
173,103,R4nl3YlFDCQCJKOs9gd5tB+tCKo=,EbudnL4sFBPf39gNjOjGgS9eVi8=
168,106,R4nl3YlFDCQCJKOs9gd5tB+tCKo=,+0aXevPTltsSv4BYPbcgXNpWB/A=
174,103,R4nl3YlFDCQCJKOs9gd5tB+tCKo=,EbudnL4sFBPf39gNjOjGgS9eVi8=
169,103,R4nl3YlFDCQCJKOs9gd5tB+tCKo=,EbudnL4sFBPf39gNjOjGgS9eVi8=
168,103,R4nl3YlFDCQCJKOs9gd5tB+tCKo=,EbudnL4sFBPf39gNjOjGgS9eVi8=
167,105,R4nl3YlFDCQCJKOs9gd5tB+tCKo=,sqjy4mz+eWqzAvkd788kDffdbm0=
168,107,R4nl3YlFDCQCJKOs9gd5tB+tCKo=,+0aXevPTltsSv4BYPbcgXNpWB/A=
167,106,R4nl3YlFDCQCJKOs9gd5tB+tCKo=,sqjy4mz+eWqzAvkd788kDffdbm0=
167,104,R4nl3YlFDCQCJKOs9gd5tB+tCKo=,sqjy4mz+eWqzAvkd788kDffdbm0=
170,105,R4nl3YlFDCQCJKOs9gd5tB+tCKo=,+0aXevPTltsSv4BYPbcgXNpWB/A=
168,105,R4nl3YlFDCQCJKOs9gd5tB+tCKo=,+0aXevPTltsSv4BYPbcgXNpWB/A=
169,105,R4nl3YlFDCQCJKOs9gd5tB+tCKo=,+0aXevPTltsSv4BYPbcgXNpWB/A=
173,104,R4nl3YlFDCQCJKOs9gd5tB+tCKo=,+0aXevPTltsSv4BYPbcgXNpWB/A=
167,103,R4nl3YlFDCQCJKOs9gd5tB+tCKo=,qk1/y7iebQFEKE/C/C2k3A/TfvM=
172,104,R4nl3YlFDCQCJKOs9gd5tB+tCKo=,+0aXevPTltsSv4BYPbcgXNpWB/A=
171,104,R4nl3YlFDCQCJKOs9gd5tB+tCKo=,+0aXevPTltsSv4BYPbcgXNpWB/A=
170,104,R4nl3YlFDCQCJKOs9gd5tB+tCKo=,+0aXevPTltsSv4BYPbcgXNpWB/A=
168,104,R4nl3YlFDCQCJKOs9gd5tB+tCKo=,+0aXevPTltsSv4BYPbcgXNpWB/A=
169,104,R4nl3YlFDCQCJKOs9gd5tB+tCKo=,+0aXevPTltsSv4BYPbcgXNpWB/A=
167,107,R4nl3YlFDCQCJKOs9gd5tB+tCKo=,sqjy4mz+eWqzAvkd788kDffdbm0=
175,111,R4nl3YlFDCQCJKOs9gd5tB+tCKo=,+0aXevPTltsSv4BYPbcgXNpWB/A=
173,111,R4nl3YlFDCQCJKOs9gd5tB+tCKo=,+0aXevPTltsSv4BYPbcgXNpWB/A=
175,108,R4nl3YlFDCQCJKOs9gd5tB+tCKo=,+0aXevPTltsSv4BYPbcgXNpWB/A=
174,111,R4nl3YlFDCQCJKOs9gd5tB+tCKo=,+0aXevPTltsSv4BYPbcgXNpWB/A=
175,110,R4nl3YlFDCQCJKOs9gd5tB+tCKo=,+0aXevPTltsSv4BYPbcgXNpWB/A=
172,111,R4nl3YlFDCQCJKOs9gd5tB+tCKo=,+0aXevPTltsSv4BYPbcgXNpWB/A=
170,111,R4nl3YlFDCQCJKOs9gd5tB+tCKo=,+0aXevPTltsSv4BYPbcgXNpWB/A=
174,110,R4nl3YlFDCQCJKOs9gd5tB+tCKo=,+0aXevPTltsSv4BYPbcgXNpWB/A=
173,110,R4nl3YlFDCQCJKOs9gd5tB+tCKo=,+0aXevPTltsSv4BYPbcgXNpWB/A=
172,110,R4nl3YlFDCQCJKOs9gd5tB+tCKo=,+0aXevPTltsSv4BYPbcgXNpWB/A=
175,109,R4nl3YlFDCQCJKOs9gd5tB+tCKo=,+0aXevPTltsSv4BYPbcgXNpWB/A=
164,102,R4nl3YlFDCQCJKOs9gd5tB+tCKo=,qk1/y7iebQFEKE/C/C2k3A/TfvM=
174,109,R4nl3YlFDCQCJKOs9gd5tB+tCKo=,+0aXevPTltsSv4BYPbcgXNpWB/A=
171,110,R4nl3YlFDCQCJKOs9gd5tB+tCKo=,+0aXevPTltsSv4BYPbcgXNpWB/A=
173,109,R4nl3YlFDCQCJKOs9gd5tB+tCKo=,+0aXevPTltsSv4BYPbcgXNpWB/A=
163,111,R4nl3YlFDCQCJKOs9gd5tB+tCKo=,sqjy4mz+eWqzAvkd788kDffdbm0=
167,108,R4nl3YlFDCQCJKOs9gd5tB+tCKo=,sqjy4mz+eWqzAvkd788kDffdbm0=
163,107,R4nl3YlFDCQCJKOs9gd5tB+tCKo=,sqjy4mz+eWqzAvkd788kDffdbm0=
164,101,R4nl3YlFDCQCJKOs9gd5tB+tCKo=,qk1/y7iebQFEKE/C/C2k3A/TfvM=
165,105,R4nl3YlFDCQCJKOs9gd5tB+tCKo=,sqjy4mz+eWqzAvkd788kDffdbm0=
164,103,R4nl3YlFDCQCJKOs9gd5tB+tCKo=,qk1/y7iebQFEKE/C/C2k3A/TfvM=
172,109,R4nl3YlFDCQCJKOs9gd5tB+tCKo=,+0aXevPTltsSv4BYPbcgXNpWB/A=
165,108,R4nl3YlFDCQCJKOs9gd5tB+tCKo=,sqjy4mz+eWqzAvkd788kDffdbm0=
171,109,R4nl3YlFDCQCJKOs9gd5tB+tCKo=,+0aXevPTltsSv4BYPbcgXNpWB/A=
170,110,R4nl3YlFDCQCJKOs9gd5tB+tCKo=,+0aXevPTltsSv4BYPbcgXNpWB/A=
164,104,R4nl3YlFDCQCJKOs9gd5tB+tCKo=,sqjy4mz+eWqzAvkd788kDffdbm0=
170,106,R4nl3YlFDCQCJKOs9gd5tB+tCKo=,+0aXevPTltsSv4BYPbcgXNpWB/A=
166,108,R4nl3YlFDCQCJKOs9gd5tB+tCKo=,sqjy4mz+eWqzAvkd788kDffdbm0=
175,103,R4nl3YlFDCQCJKOs9gd5tB+tCKo=,EbudnL4sFBPf39gNjOjGgS9eVi8=
163,105,R4nl3YlFDCQCJKOs9gd5tB+tCKo=,sqjy4mz+eWqzAvkd788kDffdbm0=
164,100,R4nl3YlFDCQCJKOs9gd5tB+tCKo=,qk1/y7iebQFEKE/C/C2k3A/TfvM=
164,106,R4nl3YlFDCQCJKOs9gd5tB+tCKo=,sqjy4mz+eWqzAvkd788kDffdbm0=
172,105,R4nl3YlFDCQCJKOs9gd5tB+tCKo=,+0aXevPTltsSv4BYPbcgXNpWB/A=
165,107,R4nl3YlFDCQCJKOs9gd5tB+tCKo=,sqjy4mz+eWqzAvkd788kDffdbm0=
169,107,R4nl3YlFDCQCJKOs9gd5tB+tCKo=,+0aXevPTltsSv4BYPbcgXNpWB/A=
164,108,R4nl3YlFDCQCJKOs9gd5tB+tCKo=,sqjy4mz+eWqzAvkd788kDffdbm0=
171,105,R4nl3YlFDCQCJKOs9gd5tB+tCKo=,+0aXevPTltsSv4BYPbcgXNpWB/A=
165,109,R4nl3YlFDCQCJKOs9gd5tB+tCKo=,sqjy4mz+eWqzAvkd788kDffdbm0=
168,109,R4nl3YlFDCQCJKOs9gd5tB+tCKo=,+0aXevPTltsSv4BYPbcgXNpWB/A=
171,106,R4nl3YlFDCQCJKOs9gd5tB+tCKo=,+0aXevPTltsSv4BYPbcgXNpWB/A=
164,111,R4nl3YlFDCQCJKOs9gd5tB+tCKo=,sqjy4mz+eWqzAvkd788kDffdbm0=
164,105,R4nl3YlFDCQCJKOs9gd5tB+tCKo=,sqjy4mz+eWqzAvkd788kDffdbm0=
165,110,R4nl3YlFDCQCJKOs9gd5tB+tCKo=,sqjy4mz+eWqzAvkd788kDffdbm0=
166,111,R4nl3YlFDCQCJKOs9gd5tB+tCKo=,sqjy4mz+eWqzAvkd788kDffdbm0=
166,110,R4nl3YlFDCQCJKOs9gd5tB+tCKo=,sqjy4mz+eWqzAvkd788kDffdbm0=
175,107,R4nl3YlFDCQCJKOs9gd5tB+tCKo=,+0aXevPTltsSv4BYPbcgXNpWB/A=
169,109,R4nl3YlFDCQCJKOs9gd5tB+tCKo=,+0aXevPTltsSv4BYPbcgXNpWB/A=
169,110,R4nl3YlFDCQCJKOs9gd5tB+tCKo=,+0aXevPTltsSv4BYPbcgXNpWB/A=
170,109,R4nl3YlFDCQCJKOs9gd5tB+tCKo=,+0aXevPTltsSv4BYPbcgXNpWB/A=
168,108,R4nl3YlFDCQCJKOs9gd5tB+tCKo=,+0aXevPTltsSv4BYPbcgXNpWB/A=
164,110,R4nl3YlFDCQCJKOs9gd5tB+tCKo=,sqjy4mz+eWqzAvkd788kDffdbm0=
164,109,R4nl3YlFDCQCJKOs9gd5tB+tCKo=,sqjy4mz+eWqzAvkd788kDffdbm0=
165,111,R4nl3YlFDCQCJKOs9gd5tB+tCKo=,sqjy4mz+eWqzAvkd788kDffdbm0=
166,109,R4nl3YlFDCQCJKOs9gd5tB+tCKo=,sqjy4mz+eWqzAvkd788kDffdbm0=
174,105,R4nl3YlFDCQCJKOs9gd5tB+tCKo=,+0aXevPTltsSv4BYPbcgXNpWB/A=
171,111,R4nl3YlFDCQCJKOs9gd5tB+tCKo=,+0aXevPTltsSv4BYPbcgXNpWB/A=
174,104,R4nl3YlFDCQCJKOs9gd5tB+tCKo=,+0aXevPTltsSv4BYPbcgXNpWB/A=
173,108,R4nl3YlFDCQCJKOs9gd5tB+tCKo=,+0aXevPTltsSv4BYPbcgXNpWB/A=
174,107,R4nl3YlFDCQCJKOs9gd5tB+tCKo=,+0aXevPTltsSv4BYPbcgXNpWB/A=
172,107,R4nl3YlFDCQCJKOs9gd5tB+tCKo=,+0aXevPTltsSv4BYPbcgXNpWB/A=
174,108,R4nl3YlFDCQCJKOs9gd5tB+tCKo=,+0aXevPTltsSv4BYPbcgXNpWB/A=
173,105,R4nl3YlFDCQCJKOs9gd5tB+tCKo=,+0aXevPTltsSv4BYPbcgXNpWB/A=
170,107,R4nl3YlFDCQCJKOs9gd5tB+tCKo=,+0aXevPTltsSv4BYPbcgXNpWB/A=
175,104,R4nl3YlFDCQCJKOs9gd5tB+tCKo=,+0aXevPTltsSv4BYPbcgXNpWB/A=
172,108,R4nl3YlFDCQCJKOs9gd5tB+tCKo=,+0aXevPTltsSv4BYPbcgXNpWB/A=
173,106,R4nl3YlFDCQCJKOs9gd5tB+tCKo=,+0aXevPTltsSv4BYPbcgXNpWB/A=
171,107,R4nl3YlFDCQCJKOs9gd5tB+tCKo=,+0aXevPTltsSv4BYPbcgXNpWB/A=
172,106,R4nl3YlFDCQCJKOs9gd5tB+tCKo=,+0aXevPTltsSv4BYPbcgXNpWB/A=
175,105,R4nl3YlFDCQCJKOs9gd5tB+tCKo=,+0aXevPTltsSv4BYPbcgXNpWB/A=
171,108,R4nl3YlFDCQCJKOs9gd5tB+tCKo=,+0aXevPTltsSv4BYPbcgXNpWB/A=
169,108,R4nl3YlFDCQCJKOs9gd5tB+tCKo=,+0aXevPTltsSv4BYPbcgXNpWB/A=
170,108,R4nl3YlFDCQCJKOs9gd5tB+tCKo=,+0aXevPTltsSv4BYPbcgXNpWB/A=
168,111,R4nl3YlFDCQCJKOs9gd5tB+tCKo=,+0aXevPTltsSv4BYPbcgXNpWB/A=
167,109,R4nl3YlFDCQCJKOs9gd5tB+tCKo=,sqjy4mz+eWqzAvkd788kDffdbm0=
169,111,R4nl3YlFDCQCJKOs9gd5tB+tCKo=,+0aXevPTltsSv4BYPbcgXNpWB/A=
175,106,R4nl3YlFDCQCJKOs9gd5tB+tCKo=,+0aXevPTltsSv4BYPbcgXNpWB/A=
167,110,R4nl3YlFDCQCJKOs9gd5tB+tCKo=,sqjy4mz+eWqzAvkd788kDffdbm0=
168,110,R4nl3YlFDCQCJKOs9gd5tB+tCKo=,+0aXevPTltsSv4BYPbcgXNpWB/A=
167,111,R4nl3YlFDCQCJKOs9gd5tB+tCKo=,sqjy4mz+eWqzAvkd788kDffdbm0=
174,106,R4nl3YlFDCQCJKOs9gd5tB+tCKo=,+0aXevPTltsSv4BYPbcgXNpWB/A=
164,107,R4nl3YlFDCQCJKOs9gd5tB+tCKo=,sqjy4mz+eWqzAvkd788kDffdbm0=
173,107,R4nl3YlFDCQCJKOs9gd5tB+tCKo=,+0aXevPTltsSv4BYPbcgXNpWB/A=
169,113,R4nl3YlFDCQCJKOs9gd5tB+tCKo=,RH87Ph6M3fbR6Owg5cW0EYXaaxQ=
170,113,R4nl3YlFDCQCJKOs9gd5tB+tCKo=,RH87Ph6M3fbR6Owg5cW0EYXaaxQ=
171,113,R4nl3YlFDCQCJKOs9gd5tB+tCKo=,RH87Ph6M3fbR6Owg5cW0EYXaaxQ=
172,113,R4nl3YlFDCQCJKOs9gd5tB+tCKo=,RH87Ph6M3fbR6Owg5cW0EYXaaxQ=
173,113,R4nl3YlFDCQCJKOs9gd5tB+tCKo=,RH87Ph6M3fbR6Owg5cW0EYXaaxQ=
174,113,R4nl3YlFDCQCJKOs9gd5tB+tCKo=,RH87Ph6M3fbR6Owg5cW0EYXaaxQ=
174,118,R4nl3YlFDCQCJKOs9gd5tB+tCKo=,RH87Ph6M3fbR6Owg5cW0EYXaaxQ=
173,118,R4nl3YlFDCQCJKOs9gd5tB+tCKo=,RH87Ph6M3fbR6Owg5cW0EYXaaxQ=
172,118,R4nl3YlFDCQCJKOs9gd5tB+tCKo=,RH87Ph6M3fbR6Owg5cW0EYXaaxQ=
171,118,R4nl3YlFDCQCJKOs9gd5tB+tCKo=,RH87Ph6M3fbR6Owg5cW0EYXaaxQ=
170,118,R4nl3YlFDCQCJKOs9gd5tB+tCKo=,RH87Ph6M3fbR6Owg5cW0EYXaaxQ=
169,118,R4nl3YlFDCQCJKOs9gd5tB+tCKo=,RH87Ph6M3fbR6Owg5cW0EYXaaxQ=
174,117,R4nl3YlFDCQCJKOs9gd5tB+tCKo=,RH87Ph6M3fbR6Owg5cW0EYXaaxQ=
172,117,R4nl3YlFDCQCJKOs9gd5tB+tCKo=,RH87Ph6M3fbR6Owg5cW0EYXaaxQ=
171,117,R4nl3YlFDCQCJKOs9gd5tB+tCKo=,RH87Ph6M3fbR6Owg5cW0EYXaaxQ=
173,117,R4nl3YlFDCQCJKOs9gd5tB+tCKo=,RH87Ph6M3fbR6Owg5cW0EYXaaxQ=
170,117,R4nl3YlFDCQCJKOs9gd5tB+tCKo=,RH87Ph6M3fbR6Owg5cW0EYXaaxQ=
174,116,R4nl3YlFDCQCJKOs9gd5tB+tCKo=,RH87Ph6M3fbR6Owg5cW0EYXaaxQ=
173,116,R4nl3YlFDCQCJKOs9gd5tB+tCKo=,RH87Ph6M3fbR6Owg5cW0EYXaaxQ=
172,116,R4nl3YlFDCQCJKOs9gd5tB+tCKo=,RH87Ph6M3fbR6Owg5cW0EYXaaxQ=
171,116,R4nl3YlFDCQCJKOs9gd5tB+tCKo=,RH87Ph6M3fbR6Owg5cW0EYXaaxQ=
170,116,R4nl3YlFDCQCJKOs9gd5tB+tCKo=,RH87Ph6M3fbR6Owg5cW0EYXaaxQ=
169,116,R4nl3YlFDCQCJKOs9gd5tB+tCKo=,RH87Ph6M3fbR6Owg5cW0EYXaaxQ=
174,115,R4nl3YlFDCQCJKOs9gd5tB+tCKo=,RH87Ph6M3fbR6Owg5cW0EYXaaxQ=
173,115,R4nl3YlFDCQCJKOs9gd5tB+tCKo=,RH87Ph6M3fbR6Owg5cW0EYXaaxQ=
172,115,R4nl3YlFDCQCJKOs9gd5tB+tCKo=,RH87Ph6M3fbR6Owg5cW0EYXaaxQ=
171,115,R4nl3YlFDCQCJKOs9gd5tB+tCKo=,RH87Ph6M3fbR6Owg5cW0EYXaaxQ=
170,115,R4nl3YlFDCQCJKOs9gd5tB+tCKo=,RH87Ph6M3fbR6Owg5cW0EYXaaxQ=
169,115,R4nl3YlFDCQCJKOs9gd5tB+tCKo=,RH87Ph6M3fbR6Owg5cW0EYXaaxQ=
174,114,R4nl3YlFDCQCJKOs9gd5tB+tCKo=,RH87Ph6M3fbR6Owg5cW0EYXaaxQ=
173,114,R4nl3YlFDCQCJKOs9gd5tB+tCKo=,RH87Ph6M3fbR6Owg5cW0EYXaaxQ=
172,114,R4nl3YlFDCQCJKOs9gd5tB+tCKo=,RH87Ph6M3fbR6Owg5cW0EYXaaxQ=
171,114,R4nl3YlFDCQCJKOs9gd5tB+tCKo=,RH87Ph6M3fbR6Owg5cW0EYXaaxQ=
170,114,R4nl3YlFDCQCJKOs9gd5tB+tCKo=,RH87Ph6M3fbR6Owg5cW0EYXaaxQ=
169,114,R4nl3YlFDCQCJKOs9gd5tB+tCKo=,RH87Ph6M3fbR6Owg5cW0EYXaaxQ=
175,113,R4nl3YlFDCQCJKOs9gd5tB+tCKo=,RH87Ph6M3fbR6Owg5cW0EYXaaxQ=
175,114,R4nl3YlFDCQCJKOs9gd5tB+tCKo=,RH87Ph6M3fbR6Owg5cW0EYXaaxQ=
175,115,R4nl3YlFDCQCJKOs9gd5tB+tCKo=,RH87Ph6M3fbR6Owg5cW0EYXaaxQ=
175,116,R4nl3YlFDCQCJKOs9gd5tB+tCKo=,RH87Ph6M3fbR6Owg5cW0EYXaaxQ=
175,117,R4nl3YlFDCQCJKOs9gd5tB+tCKo=,RH87Ph6M3fbR6Owg5cW0EYXaaxQ=
175,118,R4nl3YlFDCQCJKOs9gd5tB+tCKo=,RH87Ph6M3fbR6Owg5cW0EYXaaxQ=
172,119,R4nl3YlFDCQCJKOs9gd5tB+tCKo=,RH87Ph6M3fbR6Owg5cW0EYXaaxQ=
172,122,R4nl3YlFDCQCJKOs9gd5tB+tCKo=,TncL5+3k1kZ/tHqVjrZX1ENkzLA=
161,122,R4nl3YlFDCQCJKOs9gd5tB+tCKo=,B24GS/cpZyT48hFOPT3nE1rFuAw=
162,122,R4nl3YlFDCQCJKOs9gd5tB+tCKo=,B24GS/cpZyT48hFOPT3nE1rFuAw=
164,122,R4nl3YlFDCQCJKOs9gd5tB+tCKo=,B24GS/cpZyT48hFOPT3nE1rFuAw=
163,122,R4nl3YlFDCQCJKOs9gd5tB+tCKo=,B24GS/cpZyT48hFOPT3nE1rFuAw=
165,122,R4nl3YlFDCQCJKOs9gd5tB+tCKo=,B24GS/cpZyT48hFOPT3nE1rFuAw=
161,123,R4nl3YlFDCQCJKOs9gd5tB+tCKo=,B24GS/cpZyT48hFOPT3nE1rFuAw=
163,123,R4nl3YlFDCQCJKOs9gd5tB+tCKo=,B24GS/cpZyT48hFOPT3nE1rFuAw=
162,123,R4nl3YlFDCQCJKOs9gd5tB+tCKo=,B24GS/cpZyT48hFOPT3nE1rFuAw=
164,123,R4nl3YlFDCQCJKOs9gd5tB+tCKo=,B24GS/cpZyT48hFOPT3nE1rFuAw=
161,124,R4nl3YlFDCQCJKOs9gd5tB+tCKo=,B24GS/cpZyT48hFOPT3nE1rFuAw=
162,124,R4nl3YlFDCQCJKOs9gd5tB+tCKo=,B24GS/cpZyT48hFOPT3nE1rFuAw=
164,124,R4nl3YlFDCQCJKOs9gd5tB+tCKo=,B24GS/cpZyT48hFOPT3nE1rFuAw=
161,125,R4nl3YlFDCQCJKOs9gd5tB+tCKo=,B24GS/cpZyT48hFOPT3nE1rFuAw=
165,124,R4nl3YlFDCQCJKOs9gd5tB+tCKo=,B24GS/cpZyT48hFOPT3nE1rFuAw=
163,124,R4nl3YlFDCQCJKOs9gd5tB+tCKo=,B24GS/cpZyT48hFOPT3nE1rFuAw=
162,125,R4nl3YlFDCQCJKOs9gd5tB+tCKo=,B24GS/cpZyT48hFOPT3nE1rFuAw=
163,125,R4nl3YlFDCQCJKOs9gd5tB+tCKo=,B24GS/cpZyT48hFOPT3nE1rFuAw=
164,125,R4nl3YlFDCQCJKOs9gd5tB+tCKo=,B24GS/cpZyT48hFOPT3nE1rFuAw=
165,125,R4nl3YlFDCQCJKOs9gd5tB+tCKo=,B24GS/cpZyT48hFOPT3nE1rFuAw=
161,126,R4nl3YlFDCQCJKOs9gd5tB+tCKo=,B24GS/cpZyT48hFOPT3nE1rFuAw=
162,126,R4nl3YlFDCQCJKOs9gd5tB+tCKo=,B24GS/cpZyT48hFOPT3nE1rFuAw=
164,126,R4nl3YlFDCQCJKOs9gd5tB+tCKo=,B24GS/cpZyT48hFOPT3nE1rFuAw=
163,126,R4nl3YlFDCQCJKOs9gd5tB+tCKo=,B24GS/cpZyT48hFOPT3nE1rFuAw=
161,121,R4nl3YlFDCQCJKOs9gd5tB+tCKo=,B24GS/cpZyT48hFOPT3nE1rFuAw=
165,126,R4nl3YlFDCQCJKOs9gd5tB+tCKo=,B24GS/cpZyT48hFOPT3nE1rFuAw=
162,121,R4nl3YlFDCQCJKOs9gd5tB+tCKo=,B24GS/cpZyT48hFOPT3nE1rFuAw=
163,121,R4nl3YlFDCQCJKOs9gd5tB+tCKo=,B24GS/cpZyT48hFOPT3nE1rFuAw=
166,126,R4nl3YlFDCQCJKOs9gd5tB+tCKo=,B24GS/cpZyT48hFOPT3nE1rFuAw=
164,121,R4nl3YlFDCQCJKOs9gd5tB+tCKo=,B24GS/cpZyT48hFOPT3nE1rFuAw=
165,121,R4nl3YlFDCQCJKOs9gd5tB+tCKo=,B24GS/cpZyT48hFOPT3nE1rFuAw=
171,119,R4nl3YlFDCQCJKOs9gd5tB+tCKo=,RH87Ph6M3fbR6Owg5cW0EYXaaxQ=
171,122,R4nl3YlFDCQCJKOs9gd5tB+tCKo=,TncL5+3k1kZ/tHqVjrZX1ENkzLA=
170,119,R4nl3YlFDCQCJKOs9gd5tB+tCKo=,RH87Ph6M3fbR6Owg5cW0EYXaaxQ=
170,122,R4nl3YlFDCQCJKOs9gd5tB+tCKo=,TncL5+3k1kZ/tHqVjrZX1ENkzLA=
175,121,R4nl3YlFDCQCJKOs9gd5tB+tCKo=,TncL5+3k1kZ/tHqVjrZX1ENkzLA=
174,121,R4nl3YlFDCQCJKOs9gd5tB+tCKo=,TncL5+3k1kZ/tHqVjrZX1ENkzLA=
172,121,R4nl3YlFDCQCJKOs9gd5tB+tCKo=,TncL5+3k1kZ/tHqVjrZX1ENkzLA=
173,121,R4nl3YlFDCQCJKOs9gd5tB+tCKo=,TncL5+3k1kZ/tHqVjrZX1ENkzLA=
171,121,R4nl3YlFDCQCJKOs9gd5tB+tCKo=,TncL5+3k1kZ/tHqVjrZX1ENkzLA=
170,121,R4nl3YlFDCQCJKOs9gd5tB+tCKo=,TncL5+3k1kZ/tHqVjrZX1ENkzLA=
175,120,R4nl3YlFDCQCJKOs9gd5tB+tCKo=,TncL5+3k1kZ/tHqVjrZX1ENkzLA=
174,120,R4nl3YlFDCQCJKOs9gd5tB+tCKo=,TncL5+3k1kZ/tHqVjrZX1ENkzLA=
172,120,R4nl3YlFDCQCJKOs9gd5tB+tCKo=,TncL5+3k1kZ/tHqVjrZX1ENkzLA=
171,120,R4nl3YlFDCQCJKOs9gd5tB+tCKo=,TncL5+3k1kZ/tHqVjrZX1ENkzLA=
170,120,R4nl3YlFDCQCJKOs9gd5tB+tCKo=,TncL5+3k1kZ/tHqVjrZX1ENkzLA=
173,120,R4nl3YlFDCQCJKOs9gd5tB+tCKo=,TncL5+3k1kZ/tHqVjrZX1ENkzLA=
175,126,R4nl3YlFDCQCJKOs9gd5tB+tCKo=,TncL5+3k1kZ/tHqVjrZX1ENkzLA=
173,126,R4nl3YlFDCQCJKOs9gd5tB+tCKo=,TncL5+3k1kZ/tHqVjrZX1ENkzLA=
174,126,R4nl3YlFDCQCJKOs9gd5tB+tCKo=,TncL5+3k1kZ/tHqVjrZX1ENkzLA=
172,126,R4nl3YlFDCQCJKOs9gd5tB+tCKo=,TncL5+3k1kZ/tHqVjrZX1ENkzLA=
171,126,R4nl3YlFDCQCJKOs9gd5tB+tCKo=,TncL5+3k1kZ/tHqVjrZX1ENkzLA=
170,126,R4nl3YlFDCQCJKOs9gd5tB+tCKo=,TncL5+3k1kZ/tHqVjrZX1ENkzLA=
175,125,R4nl3YlFDCQCJKOs9gd5tB+tCKo=,TncL5+3k1kZ/tHqVjrZX1ENkzLA=
174,125,R4nl3YlFDCQCJKOs9gd5tB+tCKo=,TncL5+3k1kZ/tHqVjrZX1ENkzLA=
172,125,R4nl3YlFDCQCJKOs9gd5tB+tCKo=,TncL5+3k1kZ/tHqVjrZX1ENkzLA=
171,125,R4nl3YlFDCQCJKOs9gd5tB+tCKo=,TncL5+3k1kZ/tHqVjrZX1ENkzLA=
173,125,R4nl3YlFDCQCJKOs9gd5tB+tCKo=,TncL5+3k1kZ/tHqVjrZX1ENkzLA=
170,125,R4nl3YlFDCQCJKOs9gd5tB+tCKo=,TncL5+3k1kZ/tHqVjrZX1ENkzLA=
175,124,R4nl3YlFDCQCJKOs9gd5tB+tCKo=,TncL5+3k1kZ/tHqVjrZX1ENkzLA=
174,124,R4nl3YlFDCQCJKOs9gd5tB+tCKo=,TncL5+3k1kZ/tHqVjrZX1ENkzLA=
173,124,R4nl3YlFDCQCJKOs9gd5tB+tCKo=,TncL5+3k1kZ/tHqVjrZX1ENkzLA=
172,124,R4nl3YlFDCQCJKOs9gd5tB+tCKo=,TncL5+3k1kZ/tHqVjrZX1ENkzLA=
171,124,R4nl3YlFDCQCJKOs9gd5tB+tCKo=,TncL5+3k1kZ/tHqVjrZX1ENkzLA=
170,124,R4nl3YlFDCQCJKOs9gd5tB+tCKo=,TncL5+3k1kZ/tHqVjrZX1ENkzLA=
175,123,R4nl3YlFDCQCJKOs9gd5tB+tCKo=,TncL5+3k1kZ/tHqVjrZX1ENkzLA=
174,123,R4nl3YlFDCQCJKOs9gd5tB+tCKo=,TncL5+3k1kZ/tHqVjrZX1ENkzLA=
172,123,R4nl3YlFDCQCJKOs9gd5tB+tCKo=,TncL5+3k1kZ/tHqVjrZX1ENkzLA=
171,123,R4nl3YlFDCQCJKOs9gd5tB+tCKo=,TncL5+3k1kZ/tHqVjrZX1ENkzLA=
170,123,R4nl3YlFDCQCJKOs9gd5tB+tCKo=,TncL5+3k1kZ/tHqVjrZX1ENkzLA=
173,123,R4nl3YlFDCQCJKOs9gd5tB+tCKo=,TncL5+3k1kZ/tHqVjrZX1ENkzLA=
175,119,R4nl3YlFDCQCJKOs9gd5tB+tCKo=,RH87Ph6M3fbR6Owg5cW0EYXaaxQ=
175,122,R4nl3YlFDCQCJKOs9gd5tB+tCKo=,TncL5+3k1kZ/tHqVjrZX1ENkzLA=
174,119,R4nl3YlFDCQCJKOs9gd5tB+tCKo=,RH87Ph6M3fbR6Owg5cW0EYXaaxQ=
174,122,R4nl3YlFDCQCJKOs9gd5tB+tCKo=,TncL5+3k1kZ/tHqVjrZX1ENkzLA=
173,122,R4nl3YlFDCQCJKOs9gd5tB+tCKo=,TncL5+3k1kZ/tHqVjrZX1ENkzLA=
173,119,R4nl3YlFDCQCJKOs9gd5tB+tCKo=,RH87Ph6M3fbR6Owg5cW0EYXaaxQ=
170,127,R4nl3YlFDCQCJKOs9gd5tB+tCKo=,TncL5+3k1kZ/tHqVjrZX1ENkzLA=
171,127,R4nl3YlFDCQCJKOs9gd5tB+tCKo=,TncL5+3k1kZ/tHqVjrZX1ENkzLA=
172,127,R4nl3YlFDCQCJKOs9gd5tB+tCKo=,TncL5+3k1kZ/tHqVjrZX1ENkzLA=
173,127,R4nl3YlFDCQCJKOs9gd5tB+tCKo=,TncL5+3k1kZ/tHqVjrZX1ENkzLA=
161,127,R4nl3YlFDCQCJKOs9gd5tB+tCKo=,B24GS/cpZyT48hFOPT3nE1rFuAw=
174,127,R4nl3YlFDCQCJKOs9gd5tB+tCKo=,TncL5+3k1kZ/tHqVjrZX1ENkzLA=
162,127,R4nl3YlFDCQCJKOs9gd5tB+tCKo=,B24GS/cpZyT48hFOPT3nE1rFuAw=
163,127,R4nl3YlFDCQCJKOs9gd5tB+tCKo=,B24GS/cpZyT48hFOPT3nE1rFuAw=
164,127,R4nl3YlFDCQCJKOs9gd5tB+tCKo=,B24GS/cpZyT48hFOPT3nE1rFuAw=
166,127,R4nl3YlFDCQCJKOs9gd5tB+tCKo=,B24GS/cpZyT48hFOPT3nE1rFuAw=
165,127,R4nl3YlFDCQCJKOs9gd5tB+tCKo=,B24GS/cpZyT48hFOPT3nE1rFuAw=
160,122,R4nl3YlFDCQCJKOs9gd5tB+tCKo=,B24GS/cpZyT48hFOPT3nE1rFuAw=
160,123,R4nl3YlFDCQCJKOs9gd5tB+tCKo=,B24GS/cpZyT48hFOPT3nE1rFuAw=
160,124,R4nl3YlFDCQCJKOs9gd5tB+tCKo=,B24GS/cpZyT48hFOPT3nE1rFuAw=
160,121,R4nl3YlFDCQCJKOs9gd5tB+tCKo=,B24GS/cpZyT48hFOPT3nE1rFuAw=
160,125,R4nl3YlFDCQCJKOs9gd5tB+tCKo=,B24GS/cpZyT48hFOPT3nE1rFuAw=
175,127,R4nl3YlFDCQCJKOs9gd5tB+tCKo=,TncL5+3k1kZ/tHqVjrZX1ENkzLA=
160,126,R4nl3YlFDCQCJKOs9gd5tB+tCKo=,B24GS/cpZyT48hFOPT3nE1rFuAw=
160,127,R4nl3YlFDCQCJKOs9gd5tB+tCKo=,B24GS/cpZyT48hFOPT3nE1rFuAw=
164,116,R4nl3YlFDCQCJKOs9gd5tB+tCKo=,lVAzv91YrkhC1UimE8kQtv7IwJU=
163,116,R4nl3YlFDCQCJKOs9gd5tB+tCKo=,lVAzv91YrkhC1UimE8kQtv7IwJU=
164,115,R4nl3YlFDCQCJKOs9gd5tB+tCKo=,lVAzv91YrkhC1UimE8kQtv7IwJU=
160,120,R4nl3YlFDCQCJKOs9gd5tB+tCKo=,B24GS/cpZyT48hFOPT3nE1rFuAw=
165,120,R4nl3YlFDCQCJKOs9gd5tB+tCKo=,B24GS/cpZyT48hFOPT3nE1rFuAw=
162,116,R4nl3YlFDCQCJKOs9gd5tB+tCKo=,lVAzv91YrkhC1UimE8kQtv7IwJU=
161,114,R4nl3YlFDCQCJKOs9gd5tB+tCKo=,lVAzv91YrkhC1UimE8kQtv7IwJU=
163,115,R4nl3YlFDCQCJKOs9gd5tB+tCKo=,lVAzv91YrkhC1UimE8kQtv7IwJU=
161,116,R4nl3YlFDCQCJKOs9gd5tB+tCKo=,lVAzv91YrkhC1UimE8kQtv7IwJU=
162,114,R4nl3YlFDCQCJKOs9gd5tB+tCKo=,lVAzv91YrkhC1UimE8kQtv7IwJU=
165,118,R4nl3YlFDCQCJKOs9gd5tB+tCKo=,lVAzv91YrkhC1UimE8kQtv7IwJU=
164,118,R4nl3YlFDCQCJKOs9gd5tB+tCKo=,lVAzv91YrkhC1UimE8kQtv7IwJU=
161,113,R4nl3YlFDCQCJKOs9gd5tB+tCKo=,lVAzv91YrkhC1UimE8kQtv7IwJU=
162,118,R4nl3YlFDCQCJKOs9gd5tB+tCKo=,lVAzv91YrkhC1UimE8kQtv7IwJU=
163,118,R4nl3YlFDCQCJKOs9gd5tB+tCKo=,lVAzv91YrkhC1UimE8kQtv7IwJU=
160,113,R4nl3YlFDCQCJKOs9gd5tB+tCKo=,lVAzv91YrkhC1UimE8kQtv7IwJU=
161,118,R4nl3YlFDCQCJKOs9gd5tB+tCKo=,lVAzv91YrkhC1UimE8kQtv7IwJU=
160,116,R4nl3YlFDCQCJKOs9gd5tB+tCKo=,lVAzv91YrkhC1UimE8kQtv7IwJU=
162,115,R4nl3YlFDCQCJKOs9gd5tB+tCKo=,lVAzv91YrkhC1UimE8kQtv7IwJU=
164,114,R4nl3YlFDCQCJKOs9gd5tB+tCKo=,lVAzv91YrkhC1UimE8kQtv7IwJU=
160,118,R4nl3YlFDCQCJKOs9gd5tB+tCKo=,lVAzv91YrkhC1UimE8kQtv7IwJU=
160,114,R4nl3YlFDCQCJKOs9gd5tB+tCKo=,lVAzv91YrkhC1UimE8kQtv7IwJU=
165,119,R4nl3YlFDCQCJKOs9gd5tB+tCKo=,lVAzv91YrkhC1UimE8kQtv7IwJU=
161,115,R4nl3YlFDCQCJKOs9gd5tB+tCKo=,lVAzv91YrkhC1UimE8kQtv7IwJU=
163,119,R4nl3YlFDCQCJKOs9gd5tB+tCKo=,lVAzv91YrkhC1UimE8kQtv7IwJU=
161,120,R4nl3YlFDCQCJKOs9gd5tB+tCKo=,B24GS/cpZyT48hFOPT3nE1rFuAw=
164,119,R4nl3YlFDCQCJKOs9gd5tB+tCKo=,lVAzv91YrkhC1UimE8kQtv7IwJU=
160,119,R4nl3YlFDCQCJKOs9gd5tB+tCKo=,lVAzv91YrkhC1UimE8kQtv7IwJU=
162,119,R4nl3YlFDCQCJKOs9gd5tB+tCKo=,lVAzv91YrkhC1UimE8kQtv7IwJU=
164,117,R4nl3YlFDCQCJKOs9gd5tB+tCKo=,lVAzv91YrkhC1UimE8kQtv7IwJU=
161,119,R4nl3YlFDCQCJKOs9gd5tB+tCKo=,lVAzv91YrkhC1UimE8kQtv7IwJU=
163,117,R4nl3YlFDCQCJKOs9gd5tB+tCKo=,lVAzv91YrkhC1UimE8kQtv7IwJU=
163,120,R4nl3YlFDCQCJKOs9gd5tB+tCKo=,B24GS/cpZyT48hFOPT3nE1rFuAw=
164,120,R4nl3YlFDCQCJKOs9gd5tB+tCKo=,B24GS/cpZyT48hFOPT3nE1rFuAw=
162,117,R4nl3YlFDCQCJKOs9gd5tB+tCKo=,lVAzv91YrkhC1UimE8kQtv7IwJU=
162,120,R4nl3YlFDCQCJKOs9gd5tB+tCKo=,B24GS/cpZyT48hFOPT3nE1rFuAw=
160,115,R4nl3YlFDCQCJKOs9gd5tB+tCKo=,lVAzv91YrkhC1UimE8kQtv7IwJU=
160,117,R4nl3YlFDCQCJKOs9gd5tB+tCKo=,lVAzv91YrkhC1UimE8kQtv7IwJU=
170,112,R4nl3YlFDCQCJKOs9gd5tB+tCKo=,RH87Ph6M3fbR6Owg5cW0EYXaaxQ=
161,117,R4nl3YlFDCQCJKOs9gd5tB+tCKo=,lVAzv91YrkhC1UimE8kQtv7IwJU=
171,112,R4nl3YlFDCQCJKOs9gd5tB+tCKo=,RH87Ph6M3fbR6Owg5cW0EYXaaxQ=
172,112,R4nl3YlFDCQCJKOs9gd5tB+tCKo=,RH87Ph6M3fbR6Owg5cW0EYXaaxQ=
173,112,R4nl3YlFDCQCJKOs9gd5tB+tCKo=,RH87Ph6M3fbR6Owg5cW0EYXaaxQ=
174,112,R4nl3YlFDCQCJKOs9gd5tB+tCKo=,RH87Ph6M3fbR6Owg5cW0EYXaaxQ=
175,112,R4nl3YlFDCQCJKOs9gd5tB+tCKo=,RH87Ph6M3fbR6Owg5cW0EYXaaxQ=
165,123,R4nl3YlFDCQCJKOs9gd5tB+tCKo=,B24GS/cpZyT48hFOPT3nE1rFuAw=
160,112,R4nl3YlFDCQCJKOs9gd5tB+tCKo=,lVAzv91YrkhC1UimE8kQtv7IwJU=
169,117,R4nl3YlFDCQCJKOs9gd5tB+tCKo=,RH87Ph6M3fbR6Owg5cW0EYXaaxQ=
166,125,R4nl3YlFDCQCJKOs9gd5tB+tCKo=,B24GS/cpZyT48hFOPT3nE1rFuAw=
169,122,R4nl3YlFDCQCJKOs9gd5tB+tCKo=,TncL5+3k1kZ/tHqVjrZX1ENkzLA=
169,124,R4nl3YlFDCQCJKOs9gd5tB+tCKo=,TncL5+3k1kZ/tHqVjrZX1ENkzLA=
167,126,R4nl3YlFDCQCJKOs9gd5tB+tCKo=,B24GS/cpZyT48hFOPT3nE1rFuAw=
166,121,R4nl3YlFDCQCJKOs9gd5tB+tCKo=,B24GS/cpZyT48hFOPT3nE1rFuAw=
169,123,R4nl3YlFDCQCJKOs9gd5tB+tCKo=,TncL5+3k1kZ/tHqVjrZX1ENkzLA=
167,127,R4nl3YlFDCQCJKOs9gd5tB+tCKo=,B24GS/cpZyT48hFOPT3nE1rFuAw=
166,124,R4nl3YlFDCQCJKOs9gd5tB+tCKo=,B24GS/cpZyT48hFOPT3nE1rFuAw=
169,119,R4nl3YlFDCQCJKOs9gd5tB+tCKo=,RH87Ph6M3fbR6Owg5cW0EYXaaxQ=
165,116,R4nl3YlFDCQCJKOs9gd5tB+tCKo=,lVAzv91YrkhC1UimE8kQtv7IwJU=
166,122,R4nl3YlFDCQCJKOs9gd5tB+tCKo=,B24GS/cpZyT48hFOPT3nE1rFuAw=
169,121,R4nl3YlFDCQCJKOs9gd5tB+tCKo=,TncL5+3k1kZ/tHqVjrZX1ENkzLA=
166,123,R4nl3YlFDCQCJKOs9gd5tB+tCKo=,B24GS/cpZyT48hFOPT3nE1rFuAw=
168,122,R4nl3YlFDCQCJKOs9gd5tB+tCKo=,TncL5+3k1kZ/tHqVjrZX1ENkzLA=
168,121,R4nl3YlFDCQCJKOs9gd5tB+tCKo=,TncL5+3k1kZ/tHqVjrZX1ENkzLA=
168,126,R4nl3YlFDCQCJKOs9gd5tB+tCKo=,TncL5+3k1kZ/tHqVjrZX1ENkzLA=
169,126,R4nl3YlFDCQCJKOs9gd5tB+tCKo=,TncL5+3k1kZ/tHqVjrZX1ENkzLA=
167,122,R4nl3YlFDCQCJKOs9gd5tB+tCKo=,B24GS/cpZyT48hFOPT3nE1rFuAw=
169,120,R4nl3YlFDCQCJKOs9gd5tB+tCKo=,TncL5+3k1kZ/tHqVjrZX1ENkzLA=
168,123,R4nl3YlFDCQCJKOs9gd5tB+tCKo=,TncL5+3k1kZ/tHqVjrZX1ENkzLA=
169,125,R4nl3YlFDCQCJKOs9gd5tB+tCKo=,TncL5+3k1kZ/tHqVjrZX1ENkzLA=
165,117,R4nl3YlFDCQCJKOs9gd5tB+tCKo=,lVAzv91YrkhC1UimE8kQtv7IwJU=
167,123,R4nl3YlFDCQCJKOs9gd5tB+tCKo=,B24GS/cpZyT48hFOPT3nE1rFuAw=
166,120,R4nl3YlFDCQCJKOs9gd5tB+tCKo=,B24GS/cpZyT48hFOPT3nE1rFuAw=
161,112,R4nl3YlFDCQCJKOs9gd5tB+tCKo=,lVAzv91YrkhC1UimE8kQtv7IwJU=
167,121,R4nl3YlFDCQCJKOs9gd5tB+tCKo=,B24GS/cpZyT48hFOPT3nE1rFuAw=
168,127,R4nl3YlFDCQCJKOs9gd5tB+tCKo=,TncL5+3k1kZ/tHqVjrZX1ENkzLA=
168,116,R4nl3YlFDCQCJKOs9gd5tB+tCKo=,RH87Ph6M3fbR6Owg5cW0EYXaaxQ=
168,124,R4nl3YlFDCQCJKOs9gd5tB+tCKo=,TncL5+3k1kZ/tHqVjrZX1ENkzLA=
169,127,R4nl3YlFDCQCJKOs9gd5tB+tCKo=,TncL5+3k1kZ/tHqVjrZX1ENkzLA=
167,120,R4nl3YlFDCQCJKOs9gd5tB+tCKo=,B24GS/cpZyT48hFOPT3nE1rFuAw=
166,118,R4nl3YlFDCQCJKOs9gd5tB+tCKo=,lVAzv91YrkhC1UimE8kQtv7IwJU=
167,125,R4nl3YlFDCQCJKOs9gd5tB+tCKo=,B24GS/cpZyT48hFOPT3nE1rFuAw=
165,115,R4nl3YlFDCQCJKOs9gd5tB+tCKo=,lVAzv91YrkhC1UimE8kQtv7IwJU=
166,119,R4nl3YlFDCQCJKOs9gd5tB+tCKo=,lVAzv91YrkhC1UimE8kQtv7IwJU=
168,118,R4nl3YlFDCQCJKOs9gd5tB+tCKo=,RH87Ph6M3fbR6Owg5cW0EYXaaxQ=
167,119,R4nl3YlFDCQCJKOs9gd5tB+tCKo=,lVAzv91YrkhC1UimE8kQtv7IwJU=
168,125,R4nl3YlFDCQCJKOs9gd5tB+tCKo=,TncL5+3k1kZ/tHqVjrZX1ENkzLA=
165,114,R4nl3YlFDCQCJKOs9gd5tB+tCKo=,lVAzv91YrkhC1UimE8kQtv7IwJU=
166,117,R4nl3YlFDCQCJKOs9gd5tB+tCKo=,lVAzv91YrkhC1UimE8kQtv7IwJU=
168,119,R4nl3YlFDCQCJKOs9gd5tB+tCKo=,RH87Ph6M3fbR6Owg5cW0EYXaaxQ=
167,118,R4nl3YlFDCQCJKOs9gd5tB+tCKo=,lVAzv91YrkhC1UimE8kQtv7IwJU=
169,112,R4nl3YlFDCQCJKOs9gd5tB+tCKo=,RH87Ph6M3fbR6Owg5cW0EYXaaxQ=
167,116,R4nl3YlFDCQCJKOs9gd5tB+tCKo=,lVAzv91YrkhC1UimE8kQtv7IwJU=
163,114,R4nl3YlFDCQCJKOs9gd5tB+tCKo=,lVAzv91YrkhC1UimE8kQtv7IwJU=
166,116,R4nl3YlFDCQCJKOs9gd5tB+tCKo=,lVAzv91YrkhC1UimE8kQtv7IwJU=
168,117,R4nl3YlFDCQCJKOs9gd5tB+tCKo=,RH87Ph6M3fbR6Owg5cW0EYXaaxQ=
165,113,R4nl3YlFDCQCJKOs9gd5tB+tCKo=,lVAzv91YrkhC1UimE8kQtv7IwJU=
164,113,R4nl3YlFDCQCJKOs9gd5tB+tCKo=,lVAzv91YrkhC1UimE8kQtv7IwJU=
162,113,R4nl3YlFDCQCJKOs9gd5tB+tCKo=,lVAzv91YrkhC1UimE8kQtv7IwJU=
167,117,R4nl3YlFDCQCJKOs9gd5tB+tCKo=,lVAzv91YrkhC1UimE8kQtv7IwJU=
168,120,R4nl3YlFDCQCJKOs9gd5tB+tCKo=,TncL5+3k1kZ/tHqVjrZX1ENkzLA=
168,112,R4nl3YlFDCQCJKOs9gd5tB+tCKo=,RH87Ph6M3fbR6Owg5cW0EYXaaxQ=
165,112,R4nl3YlFDCQCJKOs9gd5tB+tCKo=,lVAzv91YrkhC1UimE8kQtv7IwJU=
167,124,R4nl3YlFDCQCJKOs9gd5tB+tCKo=,B24GS/cpZyT48hFOPT3nE1rFuAw=
166,112,R4nl3YlFDCQCJKOs9gd5tB+tCKo=,lVAzv91YrkhC1UimE8kQtv7IwJU=
167,112,R4nl3YlFDCQCJKOs9gd5tB+tCKo=,lVAzv91YrkhC1UimE8kQtv7IwJU=
164,112,R4nl3YlFDCQCJKOs9gd5tB+tCKo=,lVAzv91YrkhC1UimE8kQtv7IwJU=
167,113,R4nl3YlFDCQCJKOs9gd5tB+tCKo=,lVAzv91YrkhC1UimE8kQtv7IwJU=
168,115,R4nl3YlFDCQCJKOs9gd5tB+tCKo=,RH87Ph6M3fbR6Owg5cW0EYXaaxQ=
168,114,R4nl3YlFDCQCJKOs9gd5tB+tCKo=,RH87Ph6M3fbR6Owg5cW0EYXaaxQ=
166,114,R4nl3YlFDCQCJKOs9gd5tB+tCKo=,lVAzv91YrkhC1UimE8kQtv7IwJU=
166,115,R4nl3YlFDCQCJKOs9gd5tB+tCKo=,lVAzv91YrkhC1UimE8kQtv7IwJU=
167,114,R4nl3YlFDCQCJKOs9gd5tB+tCKo=,lVAzv91YrkhC1UimE8kQtv7IwJU=
167,115,R4nl3YlFDCQCJKOs9gd5tB+tCKo=,lVAzv91YrkhC1UimE8kQtv7IwJU=
163,112,R4nl3YlFDCQCJKOs9gd5tB+tCKo=,lVAzv91YrkhC1UimE8kQtv7IwJU=
163,113,R4nl3YlFDCQCJKOs9gd5tB+tCKo=,lVAzv91YrkhC1UimE8kQtv7IwJU=
166,113,R4nl3YlFDCQCJKOs9gd5tB+tCKo=,lVAzv91YrkhC1UimE8kQtv7IwJU=
162,112,R4nl3YlFDCQCJKOs9gd5tB+tCKo=,lVAzv91YrkhC1UimE8kQtv7IwJU=
168,113,R4nl3YlFDCQCJKOs9gd5tB+tCKo=,RH87Ph6M3fbR6Owg5cW0EYXaaxQ=
178,106,517FqiGV71Ns1ePfkAftRuqGlPc=,gd+GB/QQNgJMz+P3O2ARB/mpY7Y=
179,106,517FqiGV71Ns1ePfkAftRuqGlPc=,gd+GB/QQNgJMz+P3O2ARB/mpY7Y=
180,106,517FqiGV71Ns1ePfkAftRuqGlPc=,gd+GB/QQNgJMz+P3O2ARB/mpY7Y=
181,106,517FqiGV71Ns1ePfkAftRuqGlPc=,gd+GB/QQNgJMz+P3O2ARB/mpY7Y=
182,106,517FqiGV71Ns1ePfkAftRuqGlPc=,gd+GB/QQNgJMz+P3O2ARB/mpY7Y=
183,105,517FqiGV71Ns1ePfkAftRuqGlPc=,gd+GB/QQNgJMz+P3O2ARB/mpY7Y=
182,105,517FqiGV71Ns1ePfkAftRuqGlPc=,gd+GB/QQNgJMz+P3O2ARB/mpY7Y=
180,105,517FqiGV71Ns1ePfkAftRuqGlPc=,gd+GB/QQNgJMz+P3O2ARB/mpY7Y=
181,105,517FqiGV71Ns1ePfkAftRuqGlPc=,gd+GB/QQNgJMz+P3O2ARB/mpY7Y=
179,105,517FqiGV71Ns1ePfkAftRuqGlPc=,gd+GB/QQNgJMz+P3O2ARB/mpY7Y=
183,110,517FqiGV71Ns1ePfkAftRuqGlPc=,gd+GB/QQNgJMz+P3O2ARB/mpY7Y=
182,110,517FqiGV71Ns1ePfkAftRuqGlPc=,gd+GB/QQNgJMz+P3O2ARB/mpY7Y=
181,110,517FqiGV71Ns1ePfkAftRuqGlPc=,gd+GB/QQNgJMz+P3O2ARB/mpY7Y=
180,110,517FqiGV71Ns1ePfkAftRuqGlPc=,gd+GB/QQNgJMz+P3O2ARB/mpY7Y=
179,110,517FqiGV71Ns1ePfkAftRuqGlPc=,gd+GB/QQNgJMz+P3O2ARB/mpY7Y=
178,110,517FqiGV71Ns1ePfkAftRuqGlPc=,gd+GB/QQNgJMz+P3O2ARB/mpY7Y=
177,110,517FqiGV71Ns1ePfkAftRuqGlPc=,gd+GB/QQNgJMz+P3O2ARB/mpY7Y=
183,109,517FqiGV71Ns1ePfkAftRuqGlPc=,gd+GB/QQNgJMz+P3O2ARB/mpY7Y=
182,109,517FqiGV71Ns1ePfkAftRuqGlPc=,gd+GB/QQNgJMz+P3O2ARB/mpY7Y=
181,109,517FqiGV71Ns1ePfkAftRuqGlPc=,gd+GB/QQNgJMz+P3O2ARB/mpY7Y=
180,109,517FqiGV71Ns1ePfkAftRuqGlPc=,gd+GB/QQNgJMz+P3O2ARB/mpY7Y=
179,109,517FqiGV71Ns1ePfkAftRuqGlPc=,gd+GB/QQNgJMz+P3O2ARB/mpY7Y=
178,109,517FqiGV71Ns1ePfkAftRuqGlPc=,gd+GB/QQNgJMz+P3O2ARB/mpY7Y=
177,109,517FqiGV71Ns1ePfkAftRuqGlPc=,gd+GB/QQNgJMz+P3O2ARB/mpY7Y=
183,108,517FqiGV71Ns1ePfkAftRuqGlPc=,gd+GB/QQNgJMz+P3O2ARB/mpY7Y=
182,108,517FqiGV71Ns1ePfkAftRuqGlPc=,gd+GB/QQNgJMz+P3O2ARB/mpY7Y=
181,108,517FqiGV71Ns1ePfkAftRuqGlPc=,gd+GB/QQNgJMz+P3O2ARB/mpY7Y=
180,108,517FqiGV71Ns1ePfkAftRuqGlPc=,gd+GB/QQNgJMz+P3O2ARB/mpY7Y=
179,108,517FqiGV71Ns1ePfkAftRuqGlPc=,gd+GB/QQNgJMz+P3O2ARB/mpY7Y=
178,108,517FqiGV71Ns1ePfkAftRuqGlPc=,gd+GB/QQNgJMz+P3O2ARB/mpY7Y=
177,108,517FqiGV71Ns1ePfkAftRuqGlPc=,gd+GB/QQNgJMz+P3O2ARB/mpY7Y=
183,107,517FqiGV71Ns1ePfkAftRuqGlPc=,gd+GB/QQNgJMz+P3O2ARB/mpY7Y=
182,107,517FqiGV71Ns1ePfkAftRuqGlPc=,gd+GB/QQNgJMz+P3O2ARB/mpY7Y=
181,107,517FqiGV71Ns1ePfkAftRuqGlPc=,gd+GB/QQNgJMz+P3O2ARB/mpY7Y=
180,107,517FqiGV71Ns1ePfkAftRuqGlPc=,gd+GB/QQNgJMz+P3O2ARB/mpY7Y=
179,107,517FqiGV71Ns1ePfkAftRuqGlPc=,gd+GB/QQNgJMz+P3O2ARB/mpY7Y=
178,107,517FqiGV71Ns1ePfkAftRuqGlPc=,gd+GB/QQNgJMz+P3O2ARB/mpY7Y=
177,107,517FqiGV71Ns1ePfkAftRuqGlPc=,gd+GB/QQNgJMz+P3O2ARB/mpY7Y=
183,106,517FqiGV71Ns1ePfkAftRuqGlPc=,gd+GB/QQNgJMz+P3O2ARB/mpY7Y=
177,111,517FqiGV71Ns1ePfkAftRuqGlPc=,gd+GB/QQNgJMz+P3O2ARB/mpY7Y=
178,111,517FqiGV71Ns1ePfkAftRuqGlPc=,gd+GB/QQNgJMz+P3O2ARB/mpY7Y=
179,111,517FqiGV71Ns1ePfkAftRuqGlPc=,gd+GB/QQNgJMz+P3O2ARB/mpY7Y=
180,111,517FqiGV71Ns1ePfkAftRuqGlPc=,gd+GB/QQNgJMz+P3O2ARB/mpY7Y=
181,111,517FqiGV71Ns1ePfkAftRuqGlPc=,gd+GB/QQNgJMz+P3O2ARB/mpY7Y=
182,111,517FqiGV71Ns1ePfkAftRuqGlPc=,gd+GB/QQNgJMz+P3O2ARB/mpY7Y=
183,111,517FqiGV71Ns1ePfkAftRuqGlPc=,gd+GB/QQNgJMz+P3O2ARB/mpY7Y=
187,98,517FqiGV71Ns1ePfkAftRuqGlPc=,kkMVc4pgMJaGhal19LKXZ4QjO38=
186,98,517FqiGV71Ns1ePfkAftRuqGlPc=,kkMVc4pgMJaGhal19LKXZ4QjO38=
188,98,517FqiGV71Ns1ePfkAftRuqGlPc=,kkMVc4pgMJaGhal19LKXZ4QjO38=
189,98,517FqiGV71Ns1ePfkAftRuqGlPc=,kkMVc4pgMJaGhal19LKXZ4QjO38=
190,98,517FqiGV71Ns1ePfkAftRuqGlPc=,kkMVc4pgMJaGhal19LKXZ4QjO38=
191,98,517FqiGV71Ns1ePfkAftRuqGlPc=,kkMVc4pgMJaGhal19LKXZ4QjO38=
187,99,517FqiGV71Ns1ePfkAftRuqGlPc=,kkMVc4pgMJaGhal19LKXZ4QjO38=
188,99,517FqiGV71Ns1ePfkAftRuqGlPc=,kkMVc4pgMJaGhal19LKXZ4QjO38=
189,99,517FqiGV71Ns1ePfkAftRuqGlPc=,kkMVc4pgMJaGhal19LKXZ4QjO38=
190,99,517FqiGV71Ns1ePfkAftRuqGlPc=,kkMVc4pgMJaGhal19LKXZ4QjO38=
191,99,517FqiGV71Ns1ePfkAftRuqGlPc=,kkMVc4pgMJaGhal19LKXZ4QjO38=
185,100,517FqiGV71Ns1ePfkAftRuqGlPc=,kkMVc4pgMJaGhal19LKXZ4QjO38=
186,100,517FqiGV71Ns1ePfkAftRuqGlPc=,kkMVc4pgMJaGhal19LKXZ4QjO38=
187,100,517FqiGV71Ns1ePfkAftRuqGlPc=,kkMVc4pgMJaGhal19LKXZ4QjO38=
188,100,517FqiGV71Ns1ePfkAftRuqGlPc=,kkMVc4pgMJaGhal19LKXZ4QjO38=
189,100,517FqiGV71Ns1ePfkAftRuqGlPc=,kkMVc4pgMJaGhal19LKXZ4QjO38=
190,100,517FqiGV71Ns1ePfkAftRuqGlPc=,kkMVc4pgMJaGhal19LKXZ4QjO38=
191,97,517FqiGV71Ns1ePfkAftRuqGlPc=,kkMVc4pgMJaGhal19LKXZ4QjO38=
190,97,517FqiGV71Ns1ePfkAftRuqGlPc=,kkMVc4pgMJaGhal19LKXZ4QjO38=
191,100,517FqiGV71Ns1ePfkAftRuqGlPc=,kkMVc4pgMJaGhal19LKXZ4QjO38=
189,97,517FqiGV71Ns1ePfkAftRuqGlPc=,kkMVc4pgMJaGhal19LKXZ4QjO38=
185,101,517FqiGV71Ns1ePfkAftRuqGlPc=,kkMVc4pgMJaGhal19LKXZ4QjO38=
186,101,517FqiGV71Ns1ePfkAftRuqGlPc=,kkMVc4pgMJaGhal19LKXZ4QjO38=
187,101,517FqiGV71Ns1ePfkAftRuqGlPc=,kkMVc4pgMJaGhal19LKXZ4QjO38=
188,101,517FqiGV71Ns1ePfkAftRuqGlPc=,kkMVc4pgMJaGhal19LKXZ4QjO38=
189,101,517FqiGV71Ns1ePfkAftRuqGlPc=,kkMVc4pgMJaGhal19LKXZ4QjO38=
190,101,S4s7UBg7fUePjwqqGpaqaqCBaHI=,kkMVc4pgMJaGhal19LKXZ4QjO38=
191,101,S4s7UBg7fUePjwqqGpaqaqCBaHI=,kkMVc4pgMJaGhal19LKXZ4QjO38=
185,102,S4s7UBg7fUePjwqqGpaqaqCBaHI=,kkMVc4pgMJaGhal19LKXZ4QjO38=
186,102,S4s7UBg7fUePjwqqGpaqaqCBaHI=,kkMVc4pgMJaGhal19LKXZ4QjO38=
188,97,S4s7UBg7fUePjwqqGpaqaqCBaHI=,kkMVc4pgMJaGhal19LKXZ4QjO38=
187,97,S4s7UBg7fUePjwqqGpaqaqCBaHI=,kkMVc4pgMJaGhal19LKXZ4QjO38=
187,102,S4s7UBg7fUePjwqqGpaqaqCBaHI=,kkMVc4pgMJaGhal19LKXZ4QjO38=
188,102,S4s7UBg7fUePjwqqGpaqaqCBaHI=,kkMVc4pgMJaGhal19LKXZ4QjO38=
189,102,S4s7UBg7fUePjwqqGpaqaqCBaHI=,kkMVc4pgMJaGhal19LKXZ4QjO38=
190,102,S4s7UBg7fUePjwqqGpaqaqCBaHI=,kkMVc4pgMJaGhal19LKXZ4QjO38=
191,102,S4s7UBg7fUePjwqqGpaqaqCBaHI=,kkMVc4pgMJaGhal19LKXZ4QjO38=
185,103,S4s7UBg7fUePjwqqGpaqaqCBaHI=,kkMVc4pgMJaGhal19LKXZ4QjO38=
186,103,S4s7UBg7fUePjwqqGpaqaqCBaHI=,kkMVc4pgMJaGhal19LKXZ4QjO38=
191,96,S4s7UBg7fUePjwqqGpaqaqCBaHI=,kkMVc4pgMJaGhal19LKXZ4QjO38=
187,103,S4s7UBg7fUePjwqqGpaqaqCBaHI=,kkMVc4pgMJaGhal19LKXZ4QjO38=
188,103,S4s7UBg7fUePjwqqGpaqaqCBaHI=,kkMVc4pgMJaGhal19LKXZ4QjO38=
190,96,S4s7UBg7fUePjwqqGpaqaqCBaHI=,kkMVc4pgMJaGhal19LKXZ4QjO38=
191,103,S4s7UBg7fUePjwqqGpaqaqCBaHI=,kkMVc4pgMJaGhal19LKXZ4QjO38=
189,103,S4s7UBg7fUePjwqqGpaqaqCBaHI=,kkMVc4pgMJaGhal19LKXZ4QjO38=
187,96,S4s7UBg7fUePjwqqGpaqaqCBaHI=,kkMVc4pgMJaGhal19LKXZ4QjO38=
188,96,S4s7UBg7fUePjwqqGpaqaqCBaHI=,kkMVc4pgMJaGhal19LKXZ4QjO38=
189,96,S4s7UBg7fUePjwqqGpaqaqCBaHI=,kkMVc4pgMJaGhal19LKXZ4QjO38=
190,103,S4s7UBg7fUePjwqqGpaqaqCBaHI=,kkMVc4pgMJaGhal19LKXZ4QjO38=
176,108,S4s7UBg7fUePjwqqGpaqaqCBaHI=,gd+GB/QQNgJMz+P3O2ARB/mpY7Y=
176,109,S4s7UBg7fUePjwqqGpaqaqCBaHI=,gd+GB/QQNgJMz+P3O2ARB/mpY7Y=
176,110,S4s7UBg7fUePjwqqGpaqaqCBaHI=,gd+GB/QQNgJMz+P3O2ARB/mpY7Y=
176,111,S4s7UBg7fUePjwqqGpaqaqCBaHI=,gd+GB/QQNgJMz+P3O2ARB/mpY7Y=
179,96,S4s7UBg7fUePjwqqGpaqaqCBaHI=,Lc4K6FdKBJZs4Z5Cn5QenhL1JYk=
178,96,S4s7UBg7fUePjwqqGpaqaqCBaHI=,Lc4K6FdKBJZs4Z5Cn5QenhL1JYk=
183,103,S4s7UBg7fUePjwqqGpaqaqCBaHI=,Lc4K6FdKBJZs4Z5Cn5QenhL1JYk=
177,98,S4s7UBg7fUePjwqqGpaqaqCBaHI=,Lc4K6FdKBJZs4Z5Cn5QenhL1JYk=
183,104,S4s7UBg7fUePjwqqGpaqaqCBaHI=,gd+GB/QQNgJMz+P3O2ARB/mpY7Y=
179,99,S4s7UBg7fUePjwqqGpaqaqCBaHI=,Lc4K6FdKBJZs4Z5Cn5QenhL1JYk=
176,98,S4s7UBg7fUePjwqqGpaqaqCBaHI=,Lc4K6FdKBJZs4Z5Cn5QenhL1JYk=
182,104,S4s7UBg7fUePjwqqGpaqaqCBaHI=,gd+GB/QQNgJMz+P3O2ARB/mpY7Y=
181,104,S4s7UBg7fUePjwqqGpaqaqCBaHI=,gd+GB/QQNgJMz+P3O2ARB/mpY7Y=
182,103,S4s7UBg7fUePjwqqGpaqaqCBaHI=,Lc4K6FdKBJZs4Z5Cn5QenhL1JYk=
178,99,S4s7UBg7fUePjwqqGpaqaqCBaHI=,Lc4K6FdKBJZs4Z5Cn5QenhL1JYk=
181,96,S4s7UBg7fUePjwqqGpaqaqCBaHI=,Lc4K6FdKBJZs4Z5Cn5QenhL1JYk=
181,97,S4s7UBg7fUePjwqqGpaqaqCBaHI=,Lc4K6FdKBJZs4Z5Cn5QenhL1JYk=
177,99,S4s7UBg7fUePjwqqGpaqaqCBaHI=,Lc4K6FdKBJZs4Z5Cn5QenhL1JYk=
177,101,S4s7UBg7fUePjwqqGpaqaqCBaHI=,Lc4K6FdKBJZs4Z5Cn5QenhL1JYk=
180,97,S4s7UBg7fUePjwqqGpaqaqCBaHI=,Lc4K6FdKBJZs4Z5Cn5QenhL1JYk=
176,101,S4s7UBg7fUePjwqqGpaqaqCBaHI=,Lc4K6FdKBJZs4Z5Cn5QenhL1JYk=
178,101,S4s7UBg7fUePjwqqGpaqaqCBaHI=,Lc4K6FdKBJZs4Z5Cn5QenhL1JYk=
180,96,S4s7UBg7fUePjwqqGpaqaqCBaHI=,Lc4K6FdKBJZs4Z5Cn5QenhL1JYk=
176,99,S4s7UBg7fUePjwqqGpaqaqCBaHI=,Lc4K6FdKBJZs4Z5Cn5QenhL1JYk=
184,103,S4s7UBg7fUePjwqqGpaqaqCBaHI=,kkMVc4pgMJaGhal19LKXZ4QjO38=
180,98,S4s7UBg7fUePjwqqGpaqaqCBaHI=,Lc4K6FdKBJZs4Z5Cn5QenhL1JYk=
182,97,S4s7UBg7fUePjwqqGpaqaqCBaHI=,Lc4K6FdKBJZs4Z5Cn5QenhL1JYk=
181,98,S4s7UBg7fUePjwqqGpaqaqCBaHI=,Lc4K6FdKBJZs4Z5Cn5QenhL1JYk=
179,100,S4s7UBg7fUePjwqqGpaqaqCBaHI=,Lc4K6FdKBJZs4Z5Cn5QenhL1JYk=
177,96,S4s7UBg7fUePjwqqGpaqaqCBaHI=,Lc4K6FdKBJZs4Z5Cn5QenhL1JYk=
179,97,S4s7UBg7fUePjwqqGpaqaqCBaHI=,Lc4K6FdKBJZs4Z5Cn5QenhL1JYk=
179,98,S4s7UBg7fUePjwqqGpaqaqCBaHI=,Lc4K6FdKBJZs4Z5Cn5QenhL1JYk=
178,98,S4s7UBg7fUePjwqqGpaqaqCBaHI=,Lc4K6FdKBJZs4Z5Cn5QenhL1JYk=
178,100,S4s7UBg7fUePjwqqGpaqaqCBaHI=,Lc4K6FdKBJZs4Z5Cn5QenhL1JYk=
184,102,S4s7UBg7fUePjwqqGpaqaqCBaHI=,kkMVc4pgMJaGhal19LKXZ4QjO38=
178,97,S4s7UBg7fUePjwqqGpaqaqCBaHI=,Lc4K6FdKBJZs4Z5Cn5QenhL1JYk=
176,96,S4s7UBg7fUePjwqqGpaqaqCBaHI=,Lc4K6FdKBJZs4Z5Cn5QenhL1JYk=
177,100,S4s7UBg7fUePjwqqGpaqaqCBaHI=,Lc4K6FdKBJZs4Z5Cn5QenhL1JYk=
181,103,S4s7UBg7fUePjwqqGpaqaqCBaHI=,Lc4K6FdKBJZs4Z5Cn5QenhL1JYk=
180,104,S4s7UBg7fUePjwqqGpaqaqCBaHI=,gd+GB/QQNgJMz+P3O2ARB/mpY7Y=
177,97,S4s7UBg7fUePjwqqGpaqaqCBaHI=,Lc4K6FdKBJZs4Z5Cn5QenhL1JYk=
177,102,S4s7UBg7fUePjwqqGpaqaqCBaHI=,Lc4K6FdKBJZs4Z5Cn5QenhL1JYk=
176,97,S4s7UBg7fUePjwqqGpaqaqCBaHI=,Lc4K6FdKBJZs4Z5Cn5QenhL1JYk=
184,101,S4s7UBg7fUePjwqqGpaqaqCBaHI=,kkMVc4pgMJaGhal19LKXZ4QjO38=
182,98,S4s7UBg7fUePjwqqGpaqaqCBaHI=,Lc4K6FdKBJZs4Z5Cn5QenhL1JYk=
176,100,S4s7UBg7fUePjwqqGpaqaqCBaHI=,Lc4K6FdKBJZs4Z5Cn5QenhL1JYk=
184,100,S4s7UBg7fUePjwqqGpaqaqCBaHI=,kkMVc4pgMJaGhal19LKXZ4QjO38=
183,97,S4s7UBg7fUePjwqqGpaqaqCBaHI=,Lc4K6FdKBJZs4Z5Cn5QenhL1JYk=
183,96,S4s7UBg7fUePjwqqGpaqaqCBaHI=,Lc4K6FdKBJZs4Z5Cn5QenhL1JYk=
176,102,S4s7UBg7fUePjwqqGpaqaqCBaHI=,Lc4K6FdKBJZs4Z5Cn5QenhL1JYk=
179,101,S4s7UBg7fUePjwqqGpaqaqCBaHI=,Lc4K6FdKBJZs4Z5Cn5QenhL1JYk=
180,100,S4s7UBg7fUePjwqqGpaqaqCBaHI=,Lc4K6FdKBJZs4Z5Cn5QenhL1JYk=
176,103,S4s7UBg7fUePjwqqGpaqaqCBaHI=,Lc4K6FdKBJZs4Z5Cn5QenhL1JYk=
183,102,S4s7UBg7fUePjwqqGpaqaqCBaHI=,Lc4K6FdKBJZs4Z5Cn5QenhL1JYk=
182,96,S4s7UBg7fUePjwqqGpaqaqCBaHI=,Lc4K6FdKBJZs4Z5Cn5QenhL1JYk=
181,99,S4s7UBg7fUePjwqqGpaqaqCBaHI=,Lc4K6FdKBJZs4Z5Cn5QenhL1JYk=
179,104,S4s7UBg7fUePjwqqGpaqaqCBaHI=,gd+GB/QQNgJMz+P3O2ARB/mpY7Y=
184,97,S4s7UBg7fUePjwqqGpaqaqCBaHI=,kkMVc4pgMJaGhal19LKXZ4QjO38=
184,96,S4s7UBg7fUePjwqqGpaqaqCBaHI=,kkMVc4pgMJaGhal19LKXZ4QjO38=
178,102,S4s7UBg7fUePjwqqGpaqaqCBaHI=,Lc4K6FdKBJZs4Z5Cn5QenhL1JYk=
183,101,S4s7UBg7fUePjwqqGpaqaqCBaHI=,Lc4K6FdKBJZs4Z5Cn5QenhL1JYk=
177,103,S4s7UBg7fUePjwqqGpaqaqCBaHI=,Lc4K6FdKBJZs4Z5Cn5QenhL1JYk=
186,99,S4s7UBg7fUePjwqqGpaqaqCBaHI=,kkMVc4pgMJaGhal19LKXZ4QjO38=
179,102,S4s7UBg7fUePjwqqGpaqaqCBaHI=,Lc4K6FdKBJZs4Z5Cn5QenhL1JYk=
181,100,S4s7UBg7fUePjwqqGpaqaqCBaHI=,Lc4K6FdKBJZs4Z5Cn5QenhL1JYk=
185,99,S4s7UBg7fUePjwqqGpaqaqCBaHI=,kkMVc4pgMJaGhal19LKXZ4QjO38=
177,104,S4s7UBg7fUePjwqqGpaqaqCBaHI=,gd+GB/QQNgJMz+P3O2ARB/mpY7Y=
178,103,S4s7UBg7fUePjwqqGpaqaqCBaHI=,Lc4K6FdKBJZs4Z5Cn5QenhL1JYk=
186,97,S4s7UBg7fUePjwqqGpaqaqCBaHI=,kkMVc4pgMJaGhal19LKXZ4QjO38=
177,106,S4s7UBg7fUePjwqqGpaqaqCBaHI=,gd+GB/QQNgJMz+P3O2ARB/mpY7Y=
178,105,S4s7UBg7fUePjwqqGpaqaqCBaHI=,gd+GB/QQNgJMz+P3O2ARB/mpY7Y=
182,101,S4s7UBg7fUePjwqqGpaqaqCBaHI=,Lc4K6FdKBJZs4Z5Cn5QenhL1JYk=
180,101,S4s7UBg7fUePjwqqGpaqaqCBaHI=,Lc4K6FdKBJZs4Z5Cn5QenhL1JYk=
179,103,S4s7UBg7fUePjwqqGpaqaqCBaHI=,Lc4K6FdKBJZs4Z5Cn5QenhL1JYk=
180,99,S4s7UBg7fUePjwqqGpaqaqCBaHI=,Lc4K6FdKBJZs4Z5Cn5QenhL1JYk=
176,107,S4s7UBg7fUePjwqqGpaqaqCBaHI=,gd+GB/QQNgJMz+P3O2ARB/mpY7Y=
183,100,S4s7UBg7fUePjwqqGpaqaqCBaHI=,Lc4K6FdKBJZs4Z5Cn5QenhL1JYk=
182,100,S4s7UBg7fUePjwqqGpaqaqCBaHI=,Lc4K6FdKBJZs4Z5Cn5QenhL1JYk=
181,101,S4s7UBg7fUePjwqqGpaqaqCBaHI=,Lc4K6FdKBJZs4Z5Cn5QenhL1JYk=
182,102,S4s7UBg7fUePjwqqGpaqaqCBaHI=,Lc4K6FdKBJZs4Z5Cn5QenhL1JYk=
181,102,S4s7UBg7fUePjwqqGpaqaqCBaHI=,Lc4K6FdKBJZs4Z5Cn5QenhL1JYk=
180,103,S4s7UBg7fUePjwqqGpaqaqCBaHI=,Lc4K6FdKBJZs4Z5Cn5QenhL1JYk=
185,98,S4s7UBg7fUePjwqqGpaqaqCBaHI=,kkMVc4pgMJaGhal19LKXZ4QjO38=
184,98,S4s7UBg7fUePjwqqGpaqaqCBaHI=,kkMVc4pgMJaGhal19LKXZ4QjO38=
183,98,S4s7UBg7fUePjwqqGpaqaqCBaHI=,Lc4K6FdKBJZs4Z5Cn5QenhL1JYk=
176,104,S4s7UBg7fUePjwqqGpaqaqCBaHI=,gd+GB/QQNgJMz+P3O2ARB/mpY7Y=
180,102,S4s7UBg7fUePjwqqGpaqaqCBaHI=,Lc4K6FdKBJZs4Z5Cn5QenhL1JYk=
183,99,S4s7UBg7fUePjwqqGpaqaqCBaHI=,Lc4K6FdKBJZs4Z5Cn5QenhL1JYk=
176,106,S4s7UBg7fUePjwqqGpaqaqCBaHI=,gd+GB/QQNgJMz+P3O2ARB/mpY7Y=
177,105,S4s7UBg7fUePjwqqGpaqaqCBaHI=,gd+GB/QQNgJMz+P3O2ARB/mpY7Y=
184,99,S4s7UBg7fUePjwqqGpaqaqCBaHI=,kkMVc4pgMJaGhal19LKXZ4QjO38=
182,99,S4s7UBg7fUePjwqqGpaqaqCBaHI=,Lc4K6FdKBJZs4Z5Cn5QenhL1JYk=
178,104,S4s7UBg7fUePjwqqGpaqaqCBaHI=,gd+GB/QQNgJMz+P3O2ARB/mpY7Y=
185,97,S4s7UBg7fUePjwqqGpaqaqCBaHI=,kkMVc4pgMJaGhal19LKXZ4QjO38=
185,96,S4s7UBg7fUePjwqqGpaqaqCBaHI=,kkMVc4pgMJaGhal19LKXZ4QjO38=
176,105,S4s7UBg7fUePjwqqGpaqaqCBaHI=,gd+GB/QQNgJMz+P3O2ARB/mpY7Y=
186,96,S4s7UBg7fUePjwqqGpaqaqCBaHI=,kkMVc4pgMJaGhal19LKXZ4QjO38=
